code,name,marcap,stocks,corp_code
095570,AJ네트웍스,nan,45252759,00365387
006840,AK홀딩스,nan,13247561,00125080
027410,BGF,nan,95716791,00219097
282330,BGF리테일,nan,17283906,01263022
138930,BNK금융지주,nan,306839751,00858364
001460,BYC,nan,6246150,00122579
001040,CJ,nan,29176998,00148540
079160,CJ CGV,nan,165582797,00303873
000120,CJ대한통운,nan,22812344,00113410
011150,CJ씨푸드,nan,35930773,00129013
097950,CJ제일제당,nan,15054186,00635134
000480,CR홀딩스,nan,46890490,00148984
000590,CS홀딩스,nan,1154482,00149026
012030,DB,nan,201173933,00163345
005830,DB손해보험,nan,65500349,00159102
016610,DB증권,nan,42446389,00115694
000990,DB하이텍,nan,43504588,00160843
000300,DH오토넥스,nan,41437055,00126089
001530,DI동일,nan,20715621,00118345
015590,DKME,nan,53396308,00108746
000210,DL,nan,20955884,00109693
375500,DL이앤씨,nan,38693623,01524093
007340,DN오토모티브,nan,58510865,00116949
004840,DRB동일,nan,19272364,00118266
155660,DSR,nan,16000000,00110608
069730,DSR제강,nan,14400000,00151298
017860,DS단석,nan,17653634,00108612
092780,DYP,nan,13168460,00117726
017940,E1,nan,6860000,00165583
383220,F&F,nan,38307075,01568413
007700,F&F홀딩스,nan,39114367,00126487
114090,GKL,nan,61855670,00557508
078930,GS,nan,92895495,00500254
006360,GS건설,nan,85581490,00120030
001250,GS글로벌,nan,82533764,00138190
007070,GS리테일,nan,83607415,00140177
499790,GS피앤엘,nan,19830841,01882845
012630,HDC,nan,59741721,00164636
039570,HDC랩스,nan,25957601,00350312
089470,HDC현대EP,nan,31900000,00357935
267270,HD건설기계,nan,47497386,01205842
009540,HD한국조선해양,nan,70773116,00164830
267250,HD현대,nan,78993085,01205709
443060,HD현대마린솔루션,nan,44833460,01194689
071970,HD현대마린엔진,nan,33921495,00406046
322000,HD현대에너지솔루션,nan,11200000,01199550
267260,HD현대일렉트릭,nan,36047135,01205851
329180,HD현대중공업,nan,104961225,01390344
097230,HJ중공업,nan,90295344,00633835
014790,HL D&I,nan,37858601,00161116
003580,HLB글로벌,nan,50663505,00169048
204320,HL만도,nan,46957120,01042775
060980,HL홀딩스,nan,8956347,00299002
011200,HMM,nan,943237970,00164645
035000,HS애드,nan,16207644,00140168
002460,HS화성,nan,10150000,00174527
487570,HS효성,nan,3725927,01854763
298050,HS효성첨단소재,nan,4479948,01316254
015360,INVENI,nan,26250000,00105101
294870,IPARK현대산업개발,nan,65907330,01310269
175330,JB금융지주,nan,186521824,00980122
234080,JW생명과학,nan,15834554,00225706
001060,JW중외제약,nan,23285930,00149947
096760,JW홀딩스,nan,73924942,00632304
008970,KBI동양철관,nan,103766907,00117629
105560,KB금융,nan,354687734,00688996
415640,KB발해인프라,nan,122545548,01880801
002380,KCC,nan,8592896,00105271
344820,KCC글라스,nan,15970512,01428203
009070,KCTC,nan,30000000,00103042
009440,KC그린홀딩스,nan,23239141,00159971
119650,KC코트렐,nan,109785309,00797364
092220,KEC,nan,40152628,00589127
003620,KG모빌리티,nan,202374912,00138242
381970,KG모빌리티플랫폼,nan,48820848,01323032
016380,KG스틸,nan,100008897,00115676
001390,KG케미칼,nan,66403636,00101220
001940,KISCO홀딩스,nan,14176380,00159740
025000,KPX케미칼,nan,4146735,00191472
092230,KPX홀딩스,nan,3948809,00587466
000040,KR모터스,nan,19675036,00112378
044450,KSS해운,nan,22577525,00160232
030200,KT,nan,252021685,00190321
033780,KT&G,nan,103810456,00244455
058850,KTcs,nan,41404450,00372882
058860,KTis,nan,34802000,00372873
093050,LF,nan,29240000,00593032
003550,LG,nan,151192004,00120021
034220,LG디스플레이,nan,500000000,00105873
051900,LG생활건강,nan,14975523,00356370
064400,LG씨엔에스,nan,96885948,00139834
373220,LG에너지솔루션,nan,234000000,01515323
032640,LG유플러스,nan,424427732,00231363
011070,LG이노텍,nan,23667107,00105961
066570,LG전자,nan,162884638,00401731
037560,LG헬로비전,nan,77446865,00222532
051910,LG화학,nan,70592343,00356361
079550,LIG디펜스앤에어로스페이스,nan,22000000,00503668
006260,LS,nan,31200000,00105952
010120,LS ELECTRIC,nan,150000000,00105855
000680,LS네트웍스,nan,78803016,00104698
229640,LS에코에너지,nan,30624879,01093007
108320,LX세미콘,nan,16264300,00525934
001120,LX인터내셔널,nan,38760000,00120076
108670,LX하우시스,nan,8967670,00759513
383800,LX홀딩스,nan,76280690,01562589
009810,MDS스피어,nan,20351656,00103130
023150,MH에탄올,nan,6201433,00121534
035420,NAVER,nan,152094369,00266961
036570,NC,nan,21544022,00261443
181710,NHN,nan,32328965,00983271
005940,NH투자증권,nan,369206105,00120182
034310,NICE,nan,36757157,00158316
030190,NICE평가정보,nan,58268741,00158325
008260,NI스틸,nan,28600117,00116301
004250,NPC,nan,36720000,00108038
456040,OCI,nan,8952495,01760738
010060,OCI홀딩스,nan,18670232,00148896
178920,PI첨단소재,nan,29366322,00767460
001340,PKC,nan,45028089,00122472
005490,POSCO홀딩스,nan,79241527,00155319
010950,S-Oil,nan,112582792,00138279
034120,SBS,nan,18551238,00130772
003080,SB성보,nan,20020000,00132725
005090,SGC에너지,nan,14409333,00125150
001380,SG글로벌,nan,22482071,00152039
004060,SG세계물산,nan,20242496,00133511
001770,SHD,nan,1214878,00137809
002360,SH에너지화학,nan,11113373,00136457
009160,SIMPAC,nan,65370968,00138260
033530,SJG세종,nan,27052299,00134510
123700,SJM,nan,15604898,00815369
025530,SJM홀딩스,nan,14934008,00181943
034730,SK,nan,72502703,00181712
011790,SKC,nan,49598298,00139889
018670,SK가스,nan,9269244,00144164
001740,SK네트웍스,nan,200593889,00131780
006120,SK디스커버리,nan,17413751,00131832
210980,SK디앤디,nan,18617382,00508344
302440,SK바이오사이언스,nan,78456553,01319899
326030,SK바이오팜,nan,78313250,00878696
402340,SK스퀘어,nan,131923998,01596425
361610,SK아이이테크놀로지,nan,81787100,01386916
100090,SK오션플랜트,nan,62478129,00480367
096770,SK이노베이션,nan,169052788,00631518
475150,SK이터닉스,nan,34067004,01817081
001510,SK증권,nan,231295085,00131850
285130,SK케미칼,nan,17298766,01267170
017670,SK텔레콤,nan,214790053,00159023
000660,SK하이닉스,nan,730492365,00164779
003570,SNT다이내믹스,nan,33252697,00134477
064960,SNT모티브,nan,26540272,00398792
100840,SNT에너지,nan,20680783,00648721
036530,SNT홀딩스,nan,16303886,00225159
000390,SP삼화,nan,27203469,00129387
011810,STX,nan,31017927,00138297
465770,STX그린로지스,nan,7218380,01784394
077970,STX엔진,nan,40148063,00480455
002820,SUN&L,nan,12063204,00132211
002170,SYTS,nan,3000000,00127042
084870,TBH글로벌,nan,20458256,00409672
002710,TCC스틸,nan,26213697,00117300
069260,TKG휴켐스,nan,40878588,00426086
007980,TP,nan,46897350,00154329
002900,TYM,nan,41400000,00117230
024070,WISCOM,nan,15326438,00142865
037270,YG PLUS,nan,63663110,00249247
139130,iM금융지주,nan,158363408,00878915
000500,가온전선,nan,29777607,00104768
000860,강남제비스코,nan,13000000,00100939
035250,강원랜드,nan,213940500,00255619
011420,갤럭시아에스엠,nan,27549644,00129554
002100,경농,nan,19522575,00101433
009450,경동나비엔,nan,14568592,00101488
267290,경동도시가스,nan,5895406,01208885
012320,경동인베스트,nan,2365023,00143527
000050,경방,nan,27415270,00101628
214390,경보제약,nan,23906860,00101664
012610,경인양행,nan,41616365,00102113
013580,계룡건설,nan,8930907,00102432
012200,계양전기,nan,35422829,00102618
002140,고려산업,nan,24939425,00102751
010130,고려아연,nan,20872969,00102858
002240,고려제강,nan,27000000,00103006
009290,광동제약,nan,49799808,00103592
017040,광명전기,nan,43337615,00103662
017900,광전자,nan,57943763,00152729
037710,광주신세계,nan,7627172,00220561
030610,교보증권,nan,113962961,00113359
339770,교촌에프앤비,nan,49965080,00453284
007690,국도화학,nan,9260832,00104388
002720,국제약품,nan,21159832,00104722
083420,그린케미칼,nan,24000000,00454946
014530,극동유화,nan,34869420,00105156
014280,금강공업,nan,29329357,00105299
008870,금비,nan,1000000,00168401
001570,금양,nan,63967196,00106119
002990,금호건설,nan,37259974,00106313
011780,금호석유화학,nan,25157325,00106368
214330,금호에이치티,nan,10456929,00105606
001210,금호전기,nan,12626599,00106395
073240,금호타이어,nan,287260287,00481454
092440,기신정기,nan,29200000,00106614
000270,기아,nan,390412998,00106641
024110,기업은행,nan,797425869,00149646
013700,까뮤이앤씨,nan,59750830,00129420
004540,깨끗한나라,nan,37240693,00113492
001260,남광토건,nan,9832572,00107066
008350,남선알미늄,nan,129079090,00107224
004270,남성,nan,4560128,00172185
003920,남양유업,nan,5673447,00107598
025860,남해화학,nan,49678843,00107987
005720,넥센,nan,52543977,00167192
002350,넥센타이어,nan,97667877,00173874
092790,넥스틸,nan,26002000,00220613
251270,넷마블,nan,83158425,00904672
090350,노루페인트,nan,20000000,00583442
000320,노루홀딩스,nan,13291151,00113508
006280,녹십자,nan,11686538,00129679
005250,녹십자홀딩스,nan,47028210,00108135
004370,농심,nan,6082642,00108241
072710,농심홀딩스,nan,4637790,00459871
058730,다스코,nan,20251251,00353878
030210,다올투자증권,nan,60911106,00156859
023590,다우기술,nan,43287312,00176914
145210,다이나믹디자인,nan,4223666,00453488
483650,달바글로벌,nan,12527165,01649204
019680,대교,nan,40233850,00108913
006370,대구백화점,nan,10821611,00108977
008060,대덕,nan,31287098,00109189
353200,대덕전자,nan,49416925,01478712
000490,대동,nan,28826865,00109286
005750,대림바스,nan,16592240,00109754
006570,대림통상,nan,15225000,00109824
001680,대상,nan,34648025,00121941
084690,대상홀딩스,nan,36212538,00539274
128820,대성산업,nan,45235478,00828789
117580,대성에너지,nan,27500000,00787376
016710,대성홀딩스,nan,16089459,00108940
003540,대신증권,nan,47666126,00110893
009190,대양금속,nan,44939175,00111111
014160,대영포장,nan,108394549,00111458
047040,대우건설,nan,410907638,00124540
003090,대웅,nan,58141980,00111810
069620,대웅제약,nan,11586575,00427483
000430,대원강업,nan,62000000,00111847
006340,대원전선,nan,78414416,00260392
003220,대원제약,nan,22427583,00111999
024890,대원화성,nan,8249830,00112022
012800,대창,nan,91140499,00112651
015230,대창단조,nan,27143620,00112679
001070,대한방직,nan,5300000,00112970
006650,대한유화,nan,6500000,00260383
001440,대한전선,nan,195992596,00113207
084010,대한제강,nan,34371596,00113225
001790,대한제당,nan,86241915,00113234
001130,대한제분,nan,16900000,00113243
439260,대한조선,nan,38088730,00182696
003490,대한항공,nan,368220609,00113526
005880,대한해운,nan,322747340,00113535
003830,대한화섬,nan,1328000,00113544
016090,대현,nan,44282310,00113614
069460,대호에이엘,nan,17414390,00428729
475560,더본코리아,nan,14827970,00968607
192080,더블유게임즈,nan,21173468,01010110
004830,덕성,nan,15680000,00114093
145720,덴티움,nan,8623891,00526599
002150,도화엔지니어링,nan,33720000,00114552
460850,동국씨엠,nan,29898656,01765256
460860,동국제강,nan,49608017,01765265
001230,동국홀딩스,nan,155507715,00114792
023450,동남합성,nan,3500000,00115065
004140,동방,nan,47971766,00115287
007590,동방아그로,nan,13617577,00115384
005960,동부건설,nan,22946663,00115612
026960,동서,nan,99700000,00144395
002210,동성제약,nan,96619507,00116268
102260,동성케미컬,nan,50669591,00679314
000640,동아쏘시오홀딩스,nan,6732527,00116824
170900,동아에스티,nan,9727881,00956930
028100,동아지질,nan,11222117,00178754
001520,동양,nan,107122032,00117337
084670,동양고속,nan,2895569,00540641
018500,동원모빌리티,nan,46754933,00118008
006040,동원산업,nan,44140819,00118026
030720,동원수산,nan,4653805,00118044
014820,동원시스템즈,nan,28991282,00132637
111380,동인기연,nan,6128000,00367710
163560,동일고무벨트,nan,13900000,00939687
004890,동일산업,nan,2425215,00172936
002690,동일제강,nan,20300360,00118451
000020,동화약품,nan,27931470,00119195
000150,두산,nan,16193835,00117212
454910,두산로보틱스,nan,64819980,01105153
241560,두산밥캣,nan,95856065,01032486
034020,두산에너빌리티,nan,640561146,00159616
336260,두산퓨얼셀,nan,65493726,01412725
016740,두올,nan,28674024,00119672
192650,드림텍,nan,65886829,00415646
024090,디씨엠,nan,11400000,00177199
003160,디아이,nan,28300000,00118275
092200,디아이씨,nan,38888569,00112165
013570,디와이,nan,26319633,00117179
024900,디와이덕양,nan,32564980,00114154
002880,디와이에이,nan,9354799,00149804
210540,디와이파워,nan,11041708,01059605
032350,롯데관광개발,nan,79725458,00231372
089860,롯데렌탈,nan,36309388,00545716
000400,롯데손해보험,nan,310336320,00113562
023530,롯데쇼핑,nan,28288755,00120526
020150,롯데에너지머티리얼즈,nan,52365463,00113997
280360,롯데웰푸드,nan,9204574,01258507
286940,롯데이노베이트,nan,15129367,01262032
004000,롯데정밀화학,nan,25800000,00157681
004990,롯데지주,nan,99663776,00120562
005300,롯데칠성,nan,9278884,00120571
011170,롯데케미칼,nan,42775419,00165413
071840,롯데하이마트,nan,23607712,00158307
027740,마니커,nan,31755614,00204208
001080,만호제강,nan,35114960,00120872
088980,맥쿼리인프라,nan,478921993,00435297
094800,맵스리얼티,nan,92834331,00600013
138040,메리츠금융지주,nan,167347273,00860332
090370,메타랩스,nan,27304689,00442835
118000,메타케어,nan,22055785,00791209
017180,명문제약,nan,33953454,00121039
009900,명신산업,nan,52470133,00173078
317450,명인제약,nan,14600000,00179489
012690,모나리자,nan,36571255,00173102
005360,모나미,nan,18897307,00121288
070960,모나용평,nan,48133333,00365989
009680,모토닉,nan,21733094,00151128
009580,무림P&P,nan,62368324,00119007
009200,무림페이퍼,nan,41609310,00136086
033920,무학,nan,28500000,00121543
008420,문배철강,nan,20503505,00121570
025560,미래산업,nan,27778678,00197759
007120,미래아이앤지,nan,27323114,00104786
085620,미래에셋생명,nan,135180000,00112332
006800,미래에셋증권,nan,543021051,00111722
081660,미스토홀딩스,nan,53091840,00195229
002840,미원상사,nan,4500000,00121932
268280,미원에스씨,nan,5000000,01234297
107590,미원홀딩스,nan,2320000,00706715
134380,미원화학,nan,21992680,00855163
003650,미창석유,nan,1739672,00122056
377740,바이오노트,nan,101886048,00622787
003610,방림,nan,32110778,00122348
035150,백산,nan,19771079,00122551
002410,범양건영,nan,27479820,00122694
007210,벽산,nan,65360000,00122898
002760,보락,nan,59900000,00123107
003850,보령,nan,85787207,00123143
000890,보해양조,nan,27624025,00123541
003000,부광약품,nan,98664671,00123718
001270,부국증권,nan,10369886,00123772
026940,부국철강,nan,20000000,00123781
011390,부산산업,nan,1056000,00124027
005030,부산주공,nan,92782988,00124151
006740,블루산업개발,nan,5950959,00141404
002070,비비안,nan,4801800,00107677
100220,비상교육,nan,12996741,00520887
090460,비에이치,nan,33711538,00447609
005180,빙그레,nan,8841801,00124726
003960,사조대림,nan,9164467,00109718
008040,사조동아원,nan,14114460,00137252
007160,사조산업,nan,5000000,00124799
014710,사조씨푸드,nan,17218543,00124780
006090,사조오양,nan,9422736,00141875
062040,산일전기,nan,30642850,00366438
005610,삼립,nan,8629009,00125530
001470,삼부토건,nan,39139903,00125974
028050,삼성E&A,nan,196000000,00126308
006400,삼성SDI,nan,80585530,00126362
006660,삼성공조,nan,8126314,00126201
028260,삼성물산,nan,162167581,00149655
207940,삼성바이오로직스,nan,46290951,00877059
032830,삼성생명,nan,200000000,00126256
018260,삼성에스디에스,nan,77377800,00126186
0126Z0,삼성에피스홀딩스,nan,24883049,01965324
009150,삼성전기,nan,74693696,00126371
005930,삼성전자,nan,5846278608,00126380
001360,삼성제약,nan,94162079,00126414
010140,삼성중공업,nan,880000000,00126478
016360,삼성증권,nan,89300000,00104856
068290,삼성출판사,nan,10000000,00423690
029780,삼성카드,nan,115858891,00126292
000810,삼성화재,nan,44647473,00139214
006110,삼아알미늄,nan,15123455,00126779
0120G0,삼양바이오팜,nan,7435870,01965333
145990,삼양사,nan,10313449,00896285
003230,삼양식품,nan,7533015,00126955
272550,삼양패키징,nan,15068406,01060814
000070,삼양홀딩스,nan,7763191,00126937
003720,삼영,nan,34000000,00127255
002810,삼영무역,nan,18466948,00127167
005680,삼영전자,nan,20000000,00127200
023000,삼원강재,nan,39739956,00191588
004380,삼익THK,nan,20700000,00127802
002450,삼익악기,nan,90530915,00127857
004440,삼일씨엔에스,nan,12731947,00109806
000520,삼일제약,nan,21691811,00128032
009770,삼정펄프,nan,2499971,00128227
005500,삼진제약,nan,13320000,00128412
004690,삼천리,nan,3626777,00128555
010960,삼호개발,nan,24120000,00128980
004450,삼화왕관,nan,2154379,00129235
009470,삼화전기,nan,6613820,00129271
011230,삼화전자,nan,19165785,00129280
001820,삼화콘덴서,nan,10395000,00129350
001290,상상인증권,nan,21667424,00112059
041650,상신브레이크,nan,21471450,00129642
075180,새론오토모티브,nan,19200000,00305668
007540,샘표,nan,2015468,00130091
248170,샘표식품,nan,4568286,01167056
007860,서연,nan,23479844,00163114
200880,서연이화,nan,27028437,01036446
017390,서울가스,nan,4950000,00130684
031210,서울보증보험,nan,69821598,00112998
004410,서울식품,nan,39455013,00130879
021050,서원,nan,47474590,00131197
008490,서흥,nan,11569113,00131692
007610,선도전기,nan,18000000,00131939
136490,선진,nan,23779604,00855093
014910,성문전자,nan,21857257,00132628
004980,성신양회,nan,24516073,00132804
000180,성창기업지주,nan,13950320,00133335
004360,세방,nan,19115603,00133812
004490,세방전지,nan,13860000,00133858
001430,세아베스틸지주,nan,35862119,00106669
306200,세아제강,nan,2836300,01325979
003030,세아제강지주,nan,4141657,00124197
058650,세아홀딩스,nan,4055236,00377610
013000,세우글로벌,nan,28705031,00134176
021820,세원정공,nan,10000000,00134316
067830,세이브존I&C,nan,41040895,00422895
075580,세진중공업,nan,56849456,00415628
068270,셀트리온,nan,232617176,00413046
336370,솔루스첨단소재,nan,70212298,01412822
248070,솔루엠,nan,47816236,01159233
004430,송원산업,nan,24000000,00134963
017550,수산세보틱스,nan,62399130,00135111
126720,수산인더스트리,nan,14286000,00193328
053210,스카이라이프,nan,47522955,00349097
026890,스틱인베스트먼트,nan,38770837,00117498
134790,시디즈,nan,2000000,00852087
462870,시프트업,nan,58741890,01384787
016590,신대양제지,nan,40297820,00135777
029530,신도리코,nan,9715729,00135795
004970,신라교역,nan,16000000,00135962
011930,신성이엔지,nan,20306182,00136271
004170,신세계,nan,9445181,00136378
035510,신세계 I&C,nan,13980900,00219486
031430,신세계인터내셔날,nan,34986000,00234412
006880,신송홀딩스,nan,11828858,00136402
005800,신영와코루,nan,9000000,00136624
001720,신영증권,nan,16440000,00136721
009270,신원,nan,114770393,00136864
002700,신일전자,nan,68547521,00173698
002870,신풍,nan,34958700,00137368
019170,신풍제약,nan,52418522,00137359
055550,신한지주,nan,469450239,00382199
004080,신흥,nan,9300000,00173795
004770,써니전자,nan,35507438,00138057
403550,쏘카,nan,37939942,01026157
004920,씨아이테크,nan,52179872,00127158
112610,씨에스윈드,nan,42171403,00670340
480370,씨케이솔루션,nan,32481408,01210677
308170,씨티알모빌리티,nan,8610000,00450010
008700,아남전자,nan,77124820,00138516
090430,아모레퍼시픽,nan,58492759,00583424
002790,아모레퍼시픽홀딩스,nan,76458180,00154462
002030,아세아,nan,2058852,00138701
183190,아세아시멘트,nan,35978272,00990165
002310,아세아제지,nan,39449510,00138729
012170,아센디오,nan,7296721,00145437
267850,아시아나IDT,nan,11100000,00458234
020560,아시아나항공,nan,205990711,00138792
122900,아이마켓코리아,nan,33428840,00360142
010780,아이에스동서,nan,29724668,00115977
031820,아이티센씨티에스,nan,12105146,00186559
139990,아주스틸,nan,38755414,00486705
009320,아진전자부품,nan,49299770,00111689
001780,알루코,nan,96830132,00117027
018250,애경산업,nan,26409935,00139454
161000,애경케미칼,nan,48648709,00936787
011090,에넥스,nan,11857054,00139764
137310,에스디바이오센서,nan,120749102,00854997
005850,에스엘,nan,46448520,00125521
010580,에스엠벡셀,nan,111251760,00147860
012750,에스원,nan,37999178,00158501
023960,에쓰씨엔지니어링,nan,38035973,00121969
298690,에어부산,nan,162914872,00651901
078520,에이블씨엔씨,nan,24963426,00400857
015260,에이엔피,nan,47116894,00143314
007460,에이프로젠,nan,25650015,00152385
003060,에이프로젠바이오로직스,nan,16261203,00101044
244920,에이플러스에셋,nan,22607693,00684802
278470,에이피알,nan,37438155,01190568
450080,에코프로머티,nan,70813870,01311408
019490,엑시큐어하이트론,nan,76432270,00156150
085310,엔케이,nan,7418074,00172228
900140,엘브이엠씨홀딩스,nan,193240432,00838500
066970,엘앤에프,nan,40686184,00398701
097520,엠씨넥스,nan,17401500,00564562
484870,엠앤씨솔루션,nan,27461700,01519790
014440,영보화학,nan,20000000,00140779
111770,영원무역,nan,44311468,00776820
009970,영원무역홀딩스,nan,12953817,00140964
003520,영진약품,nan,182892731,00141149
000670,영풍,nan,18410683,00141307
012280,영화금속,nan,9904901,00141413
012160,영흥,nan,15620703,00141477
007310,오뚜기,nan,4007830,00141529
002630,오리엔트바이오,nan,29645751,00141626
271560,오리온,nan,39528788,01238169
001800,오리온홀딩스,nan,60156652,00117577
005320,온타이드,nan,34187845,00168331
011690,와이투솔루션,nan,36698762,00144720
316140,우리금융지주,nan,736786557,01350869
006980,우성,nan,3090000,00142661
011300,우성머티리얼스,nan,17238905,00132868
017370,우신시스템,nan,18314054,00142883
002420,우양피앤엘,nan,31167884,00133618
105840,우진,nan,20197670,00173944
010400,우진아이엔에스,nan,7622000,00143262
049800,우진플라임,nan,20000000,00303217
016880,웅진,nan,79927080,00143651
095720,웅진씽크빅,nan,56827085,00628189
005820,원림,nan,2297970,00143794
008600,윌비스,nan,6723603,00104999
033270,유나이티드제약,nan,15910775,00158963
014830,유니드,nan,6767600,00159786
446070,유니드비티플러스,nan,10611215,01702017
000910,유니온,nan,15611619,00144252
047400,유니온머티리얼,nan,42000000,00369833
011330,유니켐,nan,10018784,00137207
077500,유니퀘스트,nan,21600102,00414601
002920,유성기업,nan,25947500,00174004
000700,유수홀딩스,nan,26041812,00163691
003470,유안타증권,nan,192680102,00117601
072130,유엔젤,nan,12695454,00416654
000220,유유제약,nan,15747462,00144818
001200,유진투자증권,nan,96866418,00131054
000100,유한양행,nan,73615781,00145109
003460,유화증권,nan,56702415,00145190
008730,율촌화학,nan,24800000,00145260
008250,이건산업,nan,10952635,00145446
025820,이구산업,nan,33442000,00145464
214320,이노션,nan,40000000,00565154
139480,이마트,nan,27595819,00872984
457190,이수스페셜티케미컬,nan,30218872,01762569
007660,이수페타시스,nan,73409219,00107613
005950,이수화학,nan,26294169,00145552
015020,이스타코,nan,21425800,00134565
074610,이엔플러스,nan,8770137,00469799
102460,이연제약,nan,18586811,00145598
084680,이월드,nan,141806193,00540605
000760,이화산업,nan,2800000,00145686
014990,인디에프,nan,15022599,00106881
101140,인바이오젠,nan,10044216,00652423
023800,인지컨트롤스,nan,15809197,00103510
034590,인천도시가스,nan,4374754,00145862
129260,인터지스,nan,29747874,00151368
023810,인팩,nan,10000000,00180795
249420,일동제약,nan,31638252,01168383
000230,일동홀딩스,nan,11540400,00146083
013360,일성건설,nan,54024880,00146232
003120,일성아이에스,nan,13300000,00146214
003200,일신방직,nan,22960000,00146269
007110,일신석재,nan,77456610,00146296
007570,일양약품,nan,19085664,00146454
081000,일진다이아,nan,14202975,00508274
020760,일진디스플,nan,61533781,00198697
103590,일진전기,nan,47685390,00683469
271940,일진하이솔루스,nan,36313190,00972503
015860,일진홀딩스,nan,49347483,00146649
226320,잇츠한불,nan,21929315,00911955
317400,자이에스앤디,nan,38782520,00367844
033240,자화전자,nan,21605502,00146861
000950,전방,nan,1680000,00147222
079900,전진건설로봇,nan,14592545,00372129
194370,제이에스코퍼레이션,nan,29016758,00332927
030000,제일기획,nan,115041225,00148276
271980,제일약품,nan,14704872,01236897
001560,제일연마,nan,7600000,00148461
002620,제일파마홀딩스,nan,15973355,00148443
006220,제주은행,nan,37798557,00148832
089590,제주항공,nan,80640985,00555874
004910,조광페인트,nan,12800000,00148920
004700,조광피혁,nan,6649138,00148939
001550,조비,nan,5192239,00148948
462520,조선내화,nan,11855168,01770203
120030,조선선재,nan,1257651,00796994
018470,조일알미늄,nan,25326344,00149239
002600,조흥,nan,600000,00149345
185750,종근당,nan,13802780,00992871
063160,종근당바이오,nan,5485962,00390055
001630,종근당홀딩스,nan,5009861,00149354
109070,주성코퍼레이션,nan,10562046,00753643
044380,주연테크,nan,13896316,00269241
013890,지누스,nan,21925813,00150633
013870,지엠비코리아,nan,19072280,00156354
071320,지역난방공사,nan,11578744,00159698
088790,진도,nan,12447744,00557933
003780,진양산업,nan,13000000,00150439
010640,진양폴리,nan,16700000,00160375
100250,진양홀딩스,nan,63900000,00646732
051630,진양화학,nan,21200000,00347734
272450,진에어,nan,52200000,00653024
011000,진원생명과학,nan,18176581,00118521
002780,진흥기업,nan,14547174,00150828
025620,차AI헬스케어,nan,18203973,00136776
009310,참엔지니어링,nan,4377014,00153621
000650,천일고속,nan,1429220,00151395
033250,체시스,nan,6400000,00125576
035720,카카오,nan,442999903,00258801
323410,카카오뱅크,nan,477120437,01133217
377300,카카오페이,nan,135300622,01244601
279570,케이뱅크,nan,405695151,01203312
001620,케이비아이동국실업,nan,22258606,00114765
029460,케이씨,nan,11020535,00209780
281820,케이씨텍,nan,19798661,01261893
009140,케이아이이,nan,1570797,00102140
007810,코리아써키트,nan,23982620,00152686
003690,코리안리,nan,176721031,00113191
192820,코스맥스,nan,11349509,01009789
044820,코스맥스비티아이,nan,9603921,00219574
005070,코스모신소재,nan,33214571,00129989
005420,코스모화학,nan,38408228,00160302
071950,코아스,nan,14459195,00210856
002020,코오롱,nan,12907680,00152862
003070,코오롱글로벌,nan,25423959,00152880
120110,코오롱인더,nan,29946032,00795135
021240,코웨이,nan,70767426,00170558
036420,콘텐트리중앙,nan,19262308,00203315
024720,콜마홀딩스,nan,34296259,00203290
192400,쿠쿠홀딩스,nan,35562185,00132354
284740,쿠쿠홈시스,nan,22437330,01267684
264900,크라운제과,nan,12523850,01205329
005740,크라운해태홀딩스,nan,14847347,00153126
259960,크래프톤,nan,45916188,00760971
020120,키다리스튜디오,nan,37063766,00140131
039490,키움증권,nan,26228316,00296290
014580,태경비케이,nan,27583100,00122481
015890,태경산업,nan,29228750,00153339
006890,태경케미컬,nan,11600000,00109161
003240,태광산업,nan,1113400,00153393
011280,태림포장,nan,70805940,00153524
004100,태양금속,nan,36700000,00153755
009410,태영건설,nan,319453137,00153861
001420,태원물산,nan,7600000,00154055
055490,테이팩스,nan,4786650,00256955
078000,텔코웨어,nan,9240077,00361488
214420,토니모리,nan,24054799,00816544
091810,트리니티항공,nan,102106091,00671376
019180,티에이치엔,nan,18000000,00118965
217590,티엠씨,nan,24094225,00949161
363280,티와이홀딩스,nan,45497333,01497869
004870,티웨이홀딩스,nan,22632698,00109514
034230,파라다이스,nan,92629382,00171265
005690,파미셀,nan,60004014,00145163
036580,팜스코,nan,36727943,00260408
004720,팜젠사이언스,nan,22654365,00135050
028670,팬오션,nan,534569512,00122737
010820,퍼스텍,nan,48771938,00148522
016800,퍼시스,nan,11500000,00161709
001020,페이퍼코리아,nan,35596662,00134723
090080,평화산업,nan,54902259,00573579
010770,평화홀딩스,nan,14625466,00155124
022100,포스코DX,nan,152034729,00155212
058430,포스코스틸리온,nan,60000000,00155258
047050,포스코인터내셔널,nan,175922788,00124504
003670,포스코퓨처엠,nan,88946220,00155276
017810,풀무원,nan,38120542,00155355
103140,풍산,nan,28024278,00684714
005810,풍산홀딩스,nan,14417292,00155531
950210,프레스티지바이오파마,nan,60096155,01510489
006490,프리티,nan,17746333,00122825
086790,하나금융지주,nan,270969910,00547583
293480,하나제약,nan,17772946,00248974
039130,하나투어,nan,15489932,00269940
352820,하이브,nan,43106836,01204056
071090,하이스틸,nan,20191471,00435312
000080,하이트진로,nan,70133611,00150244
000140,하이트진로홀딩스,nan,23206765,00148993
036460,한국가스공사,nan,92313000,00261285
005430,한국공항,nan,3166355,00156691
071050,한국금융지주,nan,55725992,00432102
010040,한국내화,nan,41067062,00160205
025540,한국단자,nan,10115000,00157070
010100,한국무브넥스,nan,30450420,00160418
004090,한국석유,nan,12694120,00157991
002200,한국수출포장,nan,33499941,00158112
002960,한국쉘석유,nan,1300000,00158149
000240,한국앤컴퍼니,nan,94935240,00160047
123890,한국자산신탁,nan,122373926,00404701
015760,한국전력,nan,641964077,00159193
006200,한국전자홀딩스,nan,9360627,00159254
027970,한국제지,nan,38030144,00133706
023350,한국종합기술,nan,10950000,00159500
025890,한국주강,nan,11144616,00159564
000970,한국주철관,nan,22800500,00159573
104700,한국철강,nan,36450000,00687711
017960,한국카본,nan,51676486,00159795
161890,한국콜마,nan,23605077,00939331
161390,한국타이어앤테크놀로지,nan,123875069,00937324
034830,한국토지신탁,nan,252489230,00233653
007280,한국특강,nan,28646540,00124090
047810,한국항공우주,nan,97475107,00309503
123690,한국화장품,nan,16068000,00823429
003350,한국화장품제조,nan,22660000,00160621
011500,한농화성,nan,15637042,00160861
002390,한독,nan,13763533,00161046
053690,한미글로벌,nan,10957550,00413523
042700,한미반도체,nan,95312200,00161383
008930,한미사이언스,nan,68391550,00161426
128940,한미약품,nan,12810991,00828497
009240,한샘,nan,23533928,00161693
020000,한섬,nan,21476994,00188089
003680,한성기업,nan,6209515,00161860
105630,한세실업,nan,40000000,00728638
069640,한세엠케이,nan,21735481,00357360
016450,한세예스24홀딩스,nan,40000000,00161976
009180,한솔로지스틱스,nan,28155825,00140946
213500,한솔제지,nan,23800576,01060744
014680,한솔케미칼,nan,10794036,00140955
004710,한솔테크닉스,nan,53043517,00157399
004150,한솔홀딩스,nan,41026620,00171636
025750,한솔홈데코,nan,16113029,00203582
004960,한신공영,nan,11570702,00162063
011700,한신기계,nan,32446151,00162072
001750,한양증권,nan,15109486,00162416
018880,한온시스템,nan,1026251342,00161125
009420,한올바이오파마,nan,52240638,00162586
014130,한익스프레스,nan,11817883,00129509
300720,한일시멘트,nan,73545209,01319808
002220,한일철강,nan,26697460,00163196
003300,한일홀딩스,nan,30831444,00162993
051600,한전KPS,nan,45000000,00159218
052690,한전기술,nan,38220000,00159209
130660,한전산업,nan,32600000,00194947
002320,한진,nan,15518616,00163512
003480,한진중공업홀딩스,nan,29529812,00163673
180640,한진칼,nan,66762275,00983040
005110,한창,nan,21106407,00163716
009460,한창제지,nan,12339686,00163761
372910,한컴라이프케어,nan,27674406,00534598
000880,한화,nan,53328897,00160588
452260,한화갤러리아,nan,193859610,01722437
0220W0,한화머시너리앤서비스홀딩스,nan,84515535,02042949
489790,한화비전,nan,50488390,01867758
088350,한화생명,nan,868530000,00113058
000370,한화손해보험,nan,116738915,00135917
009830,한화솔루션,nan,224892536,00162461
272210,한화시스템,nan,188919389,00339391
012450,한화에어로스페이스,nan,51563401,00126566
082740,한화엔진,nan,83447142,00361008
042660,한화오션,nan,306413394,00111704
003530,한화투자증권,nan,214547775,00148610
195870,해성디에스,nan,17000000,01032413
101530,해태제과식품,nan,29116822,00428321
143210,핸즈코퍼레이션,nan,27999783,00119140
000720,현대건설,nan,111355765,00164478
453340,현대그린푸드,nan,32471587,01721809
086280,현대글로비스,nan,75000000,00360595
064350,현대로템,nan,109142293,00302926
079430,현대리바트,nan,20114202,00300548
012330,현대모비스,nan,89820585,00164788
069960,현대백화점,nan,21564912,00428251
004560,현대비앤지스틸,nan,15078811,00125743
004310,현대약품,nan,32000000,00164706
017800,현대엘리베이터,nan,39092385,00164724
307950,현대오토에버,nan,27423982,00362441
011210,현대위아,nan,27195083,00106623
004020,현대제철,nan,133445785,00145880
005440,현대지에프홀딩스,nan,183397199,00105280
005380,현대차,nan,203466492,00164742
001500,현대차증권,nan,61833044,00137997
011760,현대코퍼레이션,nan,13228966,00164812
227840,현대코퍼레이션홀딩스,nan,9100836,01108099
126560,현대퓨처넷,nan,109201040,00403632
001450,현대해상,nan,85248250,00164973
093240,형지엘리트,nan,61390259,00441243
003010,혜인,nan,12712747,00165343
111110,호전실업,nan,9066000,00226316
008770,호텔신라,nan,39248121,00165680
378850,화승알앤에이,nan,18993623,01532603
241590,화승엔터프라이즈,nan,60589276,01128613
006060,화승인더,nan,55320000,00166227
013520,화승코퍼레이션,nan,50051252,00166272
010690,화신,nan,34920410,00166315
133820,화인베스틸,nan,37114502,00661847
010660,화천기계,nan,22000000,00166500
000850,화천기공,nan,2200000,00166519
016580,환인제약,nan,18600070,00166573
032560,황금에스티,nan,17000000,00218575
004800,효성,nan,16740407,00117188
094280,효성ITX,nan,11558200,00414850
298040,효성중공업,nan,9324548,01316245
298020,효성티앤씨,nan,4327682,01316227
298000,효성화학,nan,3791811,01316236
093370,후성,nan,107255330,00595191
005870,휴니드,nan,14116015,00111421
079980,휴비스,nan,34500000,00362238
005010,휴스틸,nan,56188075,00156488
000540,흥국화재,nan,64242645,00103176
003280,흥아해운,nan,240424899,00167208
