signal_month_end,exec,universe,scored,no_fin,missing_fin,equity_le0,ni_missing
2015-07-31,2015-08-03,200,0,200,200,0,0
2015-08-31,2015-09-01,200,0,200,200,0,0
2015-09-30,2015-10-01,200,0,200,200,0,0
2015-10-30,2015-11-02,200,0,200,200,0,0
2015-11-30,2015-12-01,200,0,200,200,0,0
2015-12-30,2016-01-04,200,0,200,200,0,0
2016-01-29,2016-02-01,200,0,200,200,0,0
2016-02-29,2016-03-02,200,0,200,200,0,0
2016-03-31,2016-04-01,200,102,98,96,2,0
2016-04-29,2016-05-02,200,111,89,87,2,0
2016-05-31,2016-06-01,200,144,56,51,2,3
2016-06-30,2016-07-01,200,149,51,46,2,3
2016-07-29,2016-08-01,200,151,49,44,2,3
2016-08-31,2016-09-01,200,149,51,46,2,3
2016-09-30,2016-10-04,200,149,51,46,2,3
2016-10-31,2016-11-01,200,150,50,45,2,3
2016-11-30,2016-12-01,200,149,51,46,2,3
2016-12-29,2017-01-02,200,154,46,42,1,3
2017-01-31,2017-02-01,200,153,47,44,1,2
2017-02-28,2017-03-02,200,151,49,45,2,2
2017-03-31,2017-04-03,200,154,46,44,2,0
2017-04-28,2017-05-02,200,155,45,42,3,0
2017-05-31,2017-06-01,200,156,44,42,2,0
2017-06-30,2017-07-03,200,157,43,41,2,0
2017-07-31,2017-08-01,200,157,43,41,2,0
2017-08-31,2017-09-01,200,158,42,40,2,0
2017-09-29,2017-10-10,200,159,41,39,2,0
2017-10-31,2017-11-01,200,160,40,38,2,0
2017-11-30,2017-12-01,200,162,38,35,3,1
2017-12-28,2018-01-02,200,162,38,35,3,1
2018-01-31,2018-02-01,200,162,38,36,2,0
2018-02-28,2018-03-02,200,160,40,37,3,1
2018-03-30,2018-04-02,200,162,38,36,2,0
2018-04-30,2018-05-02,200,163,37,35,1,1
2018-05-31,2018-06-01,200,162,38,36,1,1
2018-06-29,2018-07-02,200,162,38,36,1,1
2018-07-31,2018-08-01,200,164,36,34,1,1
2018-08-31,2018-09-03,200,166,34,32,1,1
2018-09-28,2018-10-01,200,168,32,30,1,1
2018-10-31,2018-11-01,200,164,36,34,1,1
2018-11-30,2018-12-03,200,165,35,33,1,1
2018-12-28,2019-01-02,200,166,34,32,1,1
2019-01-31,2019-02-01,200,166,34,32,1,1
2019-02-28,2019-03-04,200,167,33,31,1,1
2019-03-29,2019-04-01,200,166,34,32,1,1
2019-04-30,2019-05-02,200,164,36,32,2,2
2019-05-31,2019-06-03,200,166,34,31,1,2
2019-06-28,2019-07-01,200,166,34,31,1,2
2019-07-31,2019-08-01,200,166,34,31,1,2
2019-08-30,2019-09-02,200,167,33,30,1,2
2019-09-30,2019-10-01,200,166,34,31,1,2
2019-10-31,2019-11-01,200,166,34,31,1,2
2019-11-29,2019-12-02,200,167,33,30,1,2
2019-12-30,2020-01-02,200,166,34,31,1,2
2020-01-31,2020-02-03,200,165,35,32,1,2
2020-02-28,2020-03-02,200,164,36,33,1,2
2020-03-31,2020-04-01,200,165,35,33,1,1
2020-04-29,2020-05-04,200,165,35,33,1,1
2020-05-29,2020-06-01,200,165,35,33,1,1
2020-06-30,2020-07-01,200,165,35,33,1,1
2020-07-31,2020-08-03,200,167,33,31,1,1
2020-08-31,2020-09-01,200,166,34,32,1,1
2020-09-29,2020-10-05,200,167,33,31,1,1
2020-10-30,2020-11-02,200,166,34,32,1,1
2020-11-30,2020-12-01,200,168,32,30,1,1
2020-12-30,2021-01-04,200,170,30,28,1,1
2021-01-29,2021-02-01,200,170,30,28,1,1
2021-02-26,2021-03-02,200,170,30,28,1,1
2021-03-31,2021-04-01,200,173,27,25,1,1
2021-04-30,2021-05-03,200,172,28,26,1,1
2021-05-31,2021-06-01,200,174,26,25,0,1
2021-06-30,2021-07-01,200,173,27,26,0,1
2021-07-30,2021-08-02,200,174,26,25,0,1
2021-08-31,2021-09-01,200,174,26,25,0,1
2021-09-30,2021-10-01,200,174,26,25,0,1
2021-10-29,2021-11-01,200,173,27,26,0,1
2021-11-30,2021-12-01,200,172,28,27,0,1
2021-12-30,2022-01-03,200,174,26,25,0,1
2022-01-28,2022-02-03,200,171,29,28,0,1
2022-02-28,2022-03-02,200,172,28,27,0,1
2022-03-31,2022-04-01,200,174,26,25,0,1
2022-04-29,2022-05-02,200,174,26,25,0,1
2022-05-31,2022-06-02,200,175,25,24,0,1
2022-06-30,2022-07-01,200,174,26,25,0,1
2022-07-29,2022-08-01,200,173,27,26,0,1
2022-08-31,2022-09-01,200,173,27,26,0,1
2022-09-30,2022-10-04,200,173,27,26,0,1
2022-10-31,2022-11-01,200,173,27,26,0,1
2022-11-30,2022-12-01,200,172,28,27,0,1
2022-12-29,2023-01-02,200,171,29,28,0,1
2023-01-31,2023-02-01,200,171,29,28,0,1
2023-02-28,2023-03-02,200,172,28,27,0,1
2023-03-31,2023-04-03,200,174,26,25,0,1
2023-04-28,2023-05-02,200,172,28,27,0,1
2023-05-31,2023-06-01,200,174,26,25,0,1
2023-06-30,2023-07-03,200,174,26,25,0,1
2023-07-31,2023-08-01,200,174,26,25,0,1
2023-08-31,2023-09-01,200,173,27,26,0,1
2023-09-27,2023-10-04,200,172,28,27,0,1
2023-10-31,2023-11-01,200,172,28,27,0,1
2023-11-30,2023-12-01,200,172,28,27,0,1
2023-12-28,2024-01-02,200,172,28,27,0,1
2024-01-31,2024-02-01,200,172,28,27,0,1
2024-02-29,2024-03-04,200,172,28,27,0,1
2024-03-29,2024-04-01,200,180,20,20,0,0
2024-04-30,2024-05-02,200,189,11,11,0,0
2024-05-31,2024-06-03,200,194,6,6,0,0
2024-06-28,2024-07-01,200,196,4,4,0,0
2024-07-31,2024-08-01,200,196,4,4,0,0
2024-08-30,2024-09-02,200,196,4,4,0,0
2024-09-30,2024-10-02,200,195,5,4,1,0
2024-10-31,2024-11-01,200,195,5,4,1,0
2024-11-29,2024-12-02,200,196,4,4,0,0
2024-12-30,2025-01-02,200,196,4,4,0,0
2025-01-31,2025-02-03,200,196,4,4,0,0
2025-02-28,2025-03-04,200,196,4,4,0,0
2025-03-31,2025-04-01,200,198,2,2,0,0
2025-04-30,2025-05-02,200,198,2,2,0,0
2025-05-30,2025-06-02,200,198,2,2,0,0
2025-06-30,2025-07-01,200,198,2,2,0,0
2025-07-31,2025-08-01,200,198,2,2,0,0
2025-08-29,2025-09-01,200,199,1,1,0,0
2025-09-30,2025-10-01,200,199,1,1,0,0
2025-10-31,2025-11-03,200,199,1,1,0,0
2025-11-28,2025-12-01,200,199,1,1,0,0
2025-12-30,2026-01-02,200,198,2,2,0,0
2026-01-30,2026-02-02,200,199,1,1,0,0
2026-02-27,2026-03-03,200,199,1,1,0,0
2026-03-31,2026-04-01,200,199,1,1,0,0
2026-04-30,2026-05-04,200,199,1,1,0,0
2026-05-29,2026-06-01,200,199,1,1,0,0
2026-06-30,2026-07-01,200,199,1,1,0,0
2026-07-31,2026-08-03,200,198,2,2,0,0
2026-08-31,2026-09-01,200,199,1,1,0,0
