date,close,source
2018-01-02,27564.0,FDR:069500
2018-01-03,27677.0,FDR:069500
2018-01-04,27462.0,FDR:069500
2018-01-05,27836.0,FDR:069500
2018-01-08,28021.0,FDR:069500
2018-01-09,27911.0,FDR:069500
2018-01-10,27728.0,FDR:069500
2018-01-11,27589.0,FDR:069500
2018-01-12,27639.0,FDR:069500
2018-01-15,27701.0,FDR:069500
2018-01-16,27918.0,FDR:069500
2018-01-17,27853.0,FDR:069500
2018-01-18,27876.0,FDR:069500
2018-01-19,27895.0,FDR:069500
2018-01-22,27610.0,FDR:069500
2018-01-23,27980.0,FDR:069500
2018-01-24,28026.0,FDR:069500
2018-01-25,28246.0,FDR:069500
2018-01-26,28356.0,FDR:069500
2018-01-29,28551.0,FDR:069500
2018-01-30,28197.0,FDR:069500
2018-01-31,28216.0,FDR:069500
2018-02-01,28225.0,FDR:069500
2018-02-02,27677.0,FDR:069500
2018-02-05,27389.0,FDR:069500
2018-02-06,26999.0,FDR:069500
2018-02-07,26315.0,FDR:069500
2018-02-08,26536.0,FDR:069500
2018-02-09,25836.0,FDR:069500
2018-02-12,26123.0,FDR:069500
2018-02-13,26324.0,FDR:069500
2018-02-14,26668.0,FDR:069500
2018-02-19,26801.0,FDR:069500
2018-02-20,26495.0,FDR:069500
2018-02-21,26632.0,FDR:069500
2018-02-22,26456.0,FDR:069500
2018-02-23,26872.0,FDR:069500
2018-02-26,26918.0,FDR:069500
2018-02-27,26832.0,FDR:069500
2018-02-28,26527.0,FDR:069500
2018-03-02,26157.0,FDR:069500
2018-03-05,25814.0,FDR:069500
2018-03-06,26331.0,FDR:069500
2018-03-07,26368.0,FDR:069500
2018-03-08,26632.0,FDR:069500
2018-03-09,26940.0,FDR:069500
2018-03-12,27177.0,FDR:069500
2018-03-13,27303.0,FDR:069500
2018-03-14,27281.0,FDR:069500
2018-03-15,27379.0,FDR:069500
2018-03-16,27328.0,FDR:069500
2018-03-19,27134.0,FDR:069500
2018-03-20,27261.0,FDR:069500
2018-03-21,27265.0,FDR:069500
2018-03-22,27369.0,FDR:069500
2018-03-23,26456.0,FDR:069500
2018-03-26,26687.0,FDR:069500
2018-03-27,26798.0,FDR:069500
2018-03-28,26467.0,FDR:069500
2018-03-29,26687.0,FDR:069500
2018-03-30,26754.0,FDR:069500
2018-04-02,26691.0,FDR:069500
2018-04-03,26637.0,FDR:069500
2018-04-04,26228.0,FDR:069500
2018-04-05,26591.0,FDR:069500
2018-04-06,26460.0,FDR:069500
2018-04-09,26645.0,FDR:069500
2018-04-10,26672.0,FDR:069500
2018-04-11,26587.0,FDR:069500
2018-04-12,26582.0,FDR:069500
2018-04-13,26758.0,FDR:069500
2018-04-16,26779.0,FDR:069500
2018-04-17,26742.0,FDR:069500
2018-04-18,27041.0,FDR:069500
2018-04-19,27191.0,FDR:069500
2018-04-20,27012.0,FDR:069500
2018-04-23,26995.0,FDR:069500
2018-04-24,26842.0,FDR:069500
2018-04-25,26672.0,FDR:069500
2018-04-26,27008.0,FDR:069500
2018-04-27,27253.0,FDR:069500
2018-04-30,27429.0,FDR:069500
2018-05-02,27236.0,FDR:069500
2018-05-03,27144.0,FDR:069500
2018-05-04,26925.0,FDR:069500
2018-05-08,26799.0,FDR:069500
2018-05-09,26714.0,FDR:069500
2018-05-10,26895.0,FDR:069500
2018-05-11,27062.0,FDR:069500
2018-05-14,27008.0,FDR:069500
2018-05-15,26759.0,FDR:069500
2018-05-16,26843.0,FDR:069500
2018-05-17,26748.0,FDR:069500
2018-05-18,26830.0,FDR:069500
2018-05-21,26875.0,FDR:069500
2018-05-23,27057.0,FDR:069500
2018-05-24,26974.0,FDR:069500
2018-05-25,27017.0,FDR:069500
2018-05-28,27132.0,FDR:069500
2018-05-29,26878.0,FDR:069500
2018-05-30,26306.0,FDR:069500
2018-05-31,26413.0,FDR:069500
2018-06-01,26571.0,FDR:069500
2018-06-04,26714.0,FDR:069500
2018-06-05,26771.0,FDR:069500
2018-06-07,27008.0,FDR:069500
2018-06-08,26743.0,FDR:069500
2018-06-11,26979.0,FDR:069500
2018-06-12,26943.0,FDR:069500
2018-06-14,26449.0,FDR:069500
2018-06-15,26318.0,FDR:069500
2018-06-18,26002.0,FDR:069500
2018-06-19,25668.0,FDR:069500
2018-06-20,25854.0,FDR:069500
2018-06-21,25628.0,FDR:069500
2018-06-22,25827.0,FDR:069500
2018-06-25,25814.0,FDR:069500
2018-06-26,25783.0,FDR:069500
2018-06-27,25686.0,FDR:069500
2018-06-28,25461.0,FDR:069500
2018-06-29,25516.0,FDR:069500
2018-07-02,24944.0,FDR:069500
2018-07-03,24978.0,FDR:069500
2018-07-04,24908.0,FDR:069500
2018-07-05,24848.0,FDR:069500
2018-07-06,25025.0,FDR:069500
2018-07-09,25211.0,FDR:069500
2018-07-10,25247.0,FDR:069500
2018-07-11,25105.0,FDR:069500
2018-07-12,25181.0,FDR:069500
2018-07-13,25430.0,FDR:069500
2018-07-16,25354.0,FDR:069500
2018-07-17,25325.0,FDR:069500
2018-07-18,25264.0,FDR:069500
2018-07-19,25194.0,FDR:069500
2018-07-20,25320.0,FDR:069500
2018-07-23,25117.0,FDR:069500
2018-07-24,25191.0,FDR:069500
2018-07-25,25148.0,FDR:069500
2018-07-26,25315.0,FDR:069500
2018-07-27,25394.0,FDR:069500
2018-07-30,25333.0,FDR:069500
2018-07-31,25368.0,FDR:069500
2018-08-01,25457.0,FDR:069500
2018-08-02,24997.0,FDR:069500
2018-08-03,25193.0,FDR:069500
2018-08-06,25158.0,FDR:069500
2018-08-07,25330.0,FDR:069500
2018-08-08,25333.0,FDR:069500
2018-08-09,25320.0,FDR:069500
2018-08-10,25044.0,FDR:069500
2018-08-13,24710.0,FDR:069500
2018-08-14,24823.0,FDR:069500
2018-08-16,24578.0,FDR:069500
2018-08-17,24587.0,FDR:069500
2018-08-20,24610.0,FDR:069500
2018-08-21,24877.0,FDR:069500
2018-08-22,24964.0,FDR:069500
2018-08-23,25070.0,FDR:069500
2018-08-24,25167.0,FDR:069500
2018-08-27,25292.0,FDR:069500
2018-08-28,25312.0,FDR:069500
2018-08-29,25386.0,FDR:069500
2018-08-30,25399.0,FDR:069500
2018-08-31,25498.0,FDR:069500
2018-09-03,25349.0,FDR:069500
2018-09-04,25461.0,FDR:069500
2018-09-05,25134.0,FDR:069500
2018-09-06,25097.0,FDR:069500
2018-09-07,24952.0,FDR:069500
2018-09-10,25006.0,FDR:069500
2018-09-11,24928.0,FDR:069500
2018-09-12,24903.0,FDR:069500
2018-09-13,24937.0,FDR:069500
2018-09-14,25333.0,FDR:069500
2018-09-17,25134.0,FDR:069500
2018-09-18,25242.0,FDR:069500
2018-09-19,25264.0,FDR:069500
2018-09-20,25503.0,FDR:069500
2018-09-21,25604.0,FDR:069500
2018-09-27,25802.0,FDR:069500
2018-09-28,25637.0,FDR:069500
2018-10-01,25632.0,FDR:069500
2018-10-02,25325.0,FDR:069500
2018-10-04,24933.0,FDR:069500
2018-10-05,24894.0,FDR:069500
2018-10-08,24768.0,FDR:069500
2018-10-10,24610.0,FDR:069500
2018-10-11,23591.0,FDR:069500
2018-10-12,23821.0,FDR:069500
2018-10-15,23689.0,FDR:069500
2018-10-16,23625.0,FDR:069500
2018-10-17,23933.0,FDR:069500
2018-10-18,23720.0,FDR:069500
2018-10-19,23813.0,FDR:069500
2018-10-22,23858.0,FDR:069500
2018-10-23,23304.0,FDR:069500
2018-10-24,23187.0,FDR:069500
2018-10-25,22815.0,FDR:069500
2018-10-26,22456.0,FDR:069500
2018-10-29,22270.0,FDR:069500
2018-10-30,22426.0,FDR:069500
2018-10-31,22528.0,FDR:069500
2018-11-01,22435.0,FDR:069500
2018-11-02,23282.0,FDR:069500
2018-11-05,23029.0,FDR:069500
2018-11-06,23190.0,FDR:069500
2018-11-07,23071.0,FDR:069500
2018-11-08,23266.0,FDR:069500
2018-11-09,23127.0,FDR:069500
2018-11-12,23185.0,FDR:069500
2018-11-13,23011.0,FDR:069500
2018-11-14,22952.0,FDR:069500
2018-11-15,23181.0,FDR:069500
2018-11-16,23163.0,FDR:069500
2018-11-19,23244.0,FDR:069500
2018-11-20,23016.0,FDR:069500
2018-11-21,22903.0,FDR:069500
2018-11-22,22878.0,FDR:069500
2018-11-23,22729.0,FDR:069500
2018-11-26,23040.0,FDR:069500
2018-11-27,23216.0,FDR:069500
2018-11-28,23359.0,FDR:069500
2018-11-29,23405.0,FDR:069500
2018-11-30,23185.0,FDR:069500
2018-12-03,23591.0,FDR:069500
2018-12-04,23325.0,FDR:069500
2018-12-05,23185.0,FDR:069500
2018-12-06,22841.0,FDR:069500
2018-12-07,22915.0,FDR:069500
2018-12-10,22703.0,FDR:069500
2018-12-11,22648.0,FDR:069500
2018-12-12,22942.0,FDR:069500
2018-12-13,23062.0,FDR:069500
2018-12-14,22693.0,FDR:069500
2018-12-17,22756.0,FDR:069500
2018-12-18,22676.0,FDR:069500
2018-12-19,22826.0,FDR:069500
2018-12-20,22627.0,FDR:069500
2018-12-21,22605.0,FDR:069500
2018-12-24,22614.0,FDR:069500
2018-12-26,22318.0,FDR:069500
2018-12-27,22595.0,FDR:069500
2018-12-28,22688.0,FDR:069500
2019-01-02,22426.0,FDR:069500
2019-01-03,22210.0,FDR:069500
2019-01-04,22377.0,FDR:069500
2019-01-07,22698.0,FDR:069500
2019-01-08,22552.0,FDR:069500
2019-01-09,23016.0,FDR:069500
2019-01-10,23006.0,FDR:069500
2019-01-11,23147.0,FDR:069500
2019-01-14,22947.0,FDR:069500
2019-01-15,23409.0,FDR:069500
2019-01-16,23510.0,FDR:069500
2019-01-17,23560.0,FDR:069500
2019-01-18,23739.0,FDR:069500
2019-01-21,23751.0,FDR:069500
2019-01-22,23632.0,FDR:069500
2019-01-23,23770.0,FDR:069500
2019-01-24,23966.0,FDR:069500
2019-01-25,24400.0,FDR:069500
2019-01-28,24386.0,FDR:069500
2019-01-29,24506.0,FDR:069500
2019-01-30,24803.0,FDR:069500
2019-01-31,24777.0,FDR:069500
2019-02-01,24752.0,FDR:069500
2019-02-07,24752.0,FDR:069500
2019-02-08,24400.0,FDR:069500
2019-02-11,24444.0,FDR:069500
2019-02-12,24577.0,FDR:069500
2019-02-13,24702.0,FDR:069500
2019-02-14,24941.0,FDR:069500
2019-02-15,24612.0,FDR:069500
2019-02-18,24789.0,FDR:069500
2019-02-19,24678.0,FDR:069500
2019-02-20,24959.0,FDR:069500
2019-02-21,24959.0,FDR:069500
2019-02-22,24972.0,FDR:069500
2019-02-25,25024.0,FDR:069500
2019-02-26,24933.0,FDR:069500
2019-02-27,25011.0,FDR:069500
2019-02-28,24589.0,FDR:069500
2019-03-04,24469.0,FDR:069500
2019-03-05,24302.0,FDR:069500
2019-03-06,24231.0,FDR:069500
2019-03-07,24157.0,FDR:069500
2019-03-08,23830.0,FDR:069500
2019-03-11,23845.0,FDR:069500
2019-03-12,24090.0,FDR:069500
2019-03-13,23914.0,FDR:069500
2019-03-14,23978.0,FDR:069500
2019-03-15,24259.0,FDR:069500
2019-03-18,24280.0,FDR:069500
2019-03-19,24255.0,FDR:069500
2019-03-20,24284.0,FDR:069500
2019-03-21,24448.0,FDR:069500
2019-03-22,24506.0,FDR:069500
2019-03-25,24031.0,FDR:069500
2019-03-26,24050.0,FDR:069500
2019-03-27,24045.0,FDR:069500
2019-03-28,23911.0,FDR:069500
2019-03-29,24054.0,FDR:069500
2019-04-01,24371.0,FDR:069500
2019-04-02,24465.0,FDR:069500
2019-04-03,24825.0,FDR:069500
2019-04-04,24849.0,FDR:069500
2019-04-05,24897.0,FDR:069500
2019-04-08,24839.0,FDR:069500
2019-04-09,24879.0,FDR:069500
2019-04-10,25006.0,FDR:069500
2019-04-11,24952.0,FDR:069500
2019-04-12,25011.0,FDR:069500
2019-04-15,25116.0,FDR:069500
2019-04-16,25212.0,FDR:069500
2019-04-17,25194.0,FDR:069500
2019-04-18,24794.0,FDR:069500
2019-04-19,24798.0,FDR:069500
2019-04-22,24803.0,FDR:069500
2019-04-23,24846.0,FDR:069500
2019-04-24,24577.0,FDR:069500
2019-04-25,24539.0,FDR:069500
2019-04-26,24390.0,FDR:069500
2019-04-29,24883.0,FDR:069500
2019-04-30,24727.0,FDR:069500
2019-05-02,24837.0,FDR:069500
2019-05-03,24615.0,FDR:069500
2019-05-07,24418.0,FDR:069500
2019-05-08,24309.0,FDR:069500
2019-05-09,23596.0,FDR:069500
2019-05-10,23637.0,FDR:069500
2019-05-13,23359.0,FDR:069500
2019-05-14,23317.0,FDR:069500
2019-05-15,23427.0,FDR:069500
2019-05-16,23098.0,FDR:069500
2019-05-17,22944.0,FDR:069500
2019-05-20,23005.0,FDR:069500
2019-05-21,23119.0,FDR:069500
2019-05-22,23169.0,FDR:069500
2019-05-23,23140.0,FDR:069500
2019-05-24,22970.0,FDR:069500
2019-05-27,22988.0,FDR:069500
2019-05-28,23025.0,FDR:069500
2019-05-29,22710.0,FDR:069500
2019-05-30,22917.0,FDR:069500
2019-05-31,22879.0,FDR:069500
2019-06-03,23256.0,FDR:069500
2019-06-04,23210.0,FDR:069500
2019-06-05,23237.0,FDR:069500
2019-06-07,23247.0,FDR:069500
2019-06-10,23587.0,FDR:069500
2019-06-11,23722.0,FDR:069500
2019-06-12,23637.0,FDR:069500
2019-06-13,23444.0,FDR:069500
2019-06-14,23439.0,FDR:069500
2019-06-17,23454.0,FDR:069500
2019-06-18,23568.0,FDR:069500
2019-06-19,23864.0,FDR:069500
2019-06-20,23947.0,FDR:069500
2019-06-21,23883.0,FDR:069500
2019-06-24,23920.0,FDR:069500
2019-06-25,23886.0,FDR:069500
2019-06-26,23911.0,FDR:069500
2019-06-27,24204.0,FDR:069500
2019-06-28,24142.0,FDR:069500
2019-07-01,24147.0,FDR:069500
2019-07-02,24010.0,FDR:069500
2019-07-03,23704.0,FDR:069500
2019-07-04,23902.0,FDR:069500
2019-07-05,23869.0,FDR:069500
2019-07-08,23368.0,FDR:069500
2019-07-09,23321.0,FDR:069500
2019-07-10,23410.0,FDR:069500
2019-07-11,23694.0,FDR:069500
2019-07-12,23745.0,FDR:069500
2019-07-15,23732.0,FDR:069500
2019-07-16,23836.0,FDR:069500
2019-07-17,23625.0,FDR:069500
2019-07-18,23572.0,FDR:069500
2019-07-19,23902.0,FDR:069500
2019-07-22,23895.0,FDR:069500
2019-07-23,24010.0,FDR:069500
2019-07-24,23781.0,FDR:069500
2019-07-25,23737.0,FDR:069500
2019-07-26,23686.0,FDR:069500
2019-07-29,23368.0,FDR:069500
2019-07-30,23431.0,FDR:069500
2019-07-31,23196.0,FDR:069500
2019-08-01,23168.0,FDR:069500
2019-08-02,22909.0,FDR:069500
2019-08-05,22411.0,FDR:069500
2019-08-06,22097.0,FDR:069500
2019-08-07,21965.0,FDR:069500
2019-08-08,22058.0,FDR:069500
2019-08-09,22215.0,FDR:069500
2019-08-12,22248.0,FDR:069500
2019-08-13,22020.0,FDR:069500
2019-08-14,22177.0,FDR:069500
2019-08-16,22102.0,FDR:069500
2019-08-19,22243.0,FDR:069500
2019-08-20,22462.0,FDR:069500
2019-08-21,22505.0,FDR:069500
2019-08-22,22324.0,FDR:069500
2019-08-23,22302.0,FDR:069500
2019-08-26,21978.0,FDR:069500
2019-08-27,22043.0,FDR:069500
2019-08-28,22258.0,FDR:069500
2019-08-29,22140.0,FDR:069500
2019-08-30,22505.0,FDR:069500
2019-09-02,22545.0,FDR:069500
2019-09-03,22457.0,FDR:069500
2019-09-04,22789.0,FDR:069500
2019-09-05,22990.0,FDR:069500
2019-09-06,23097.0,FDR:069500
2019-09-09,23281.0,FDR:069500
2019-09-10,23382.0,FDR:069500
2019-09-11,23554.0,FDR:069500
2019-09-16,23630.0,FDR:069500
2019-09-17,23622.0,FDR:069500
2019-09-18,23750.0,FDR:069500
2019-09-19,23908.0,FDR:069500
2019-09-20,24040.0,FDR:069500
2019-09-23,24070.0,FDR:069500
2019-09-24,24214.0,FDR:069500
2019-09-25,23865.0,FDR:069500
2019-09-26,23908.0,FDR:069500
2019-09-27,23658.0,FDR:069500
2019-09-30,23855.0,FDR:069500
2019-10-01,23912.0,FDR:069500
2019-10-02,23406.0,FDR:069500
2019-10-04,23307.0,FDR:069500
2019-10-07,23348.0,FDR:069500
2019-10-08,23691.0,FDR:069500
2019-10-10,23521.0,FDR:069500
2019-10-11,23687.0,FDR:069500
2019-10-14,23931.0,FDR:069500
2019-10-15,23960.0,FDR:069500
2019-10-16,24094.0,FDR:069500
2019-10-17,24017.0,FDR:069500
2019-10-18,23778.0,FDR:069500
2019-10-21,23912.0,FDR:069500
2019-10-22,24231.0,FDR:069500
2019-10-23,24083.0,FDR:069500
2019-10-24,24149.0,FDR:069500
2019-10-25,24169.0,FDR:069500
2019-10-28,24262.0,FDR:069500
2019-10-29,24211.0,FDR:069500
2019-10-30,24025.0,FDR:069500
2019-10-31,24118.0,FDR:069500
2019-11-01,24302.0,FDR:069500
2019-11-04,24649.0,FDR:069500
2019-11-05,24817.0,FDR:069500
2019-11-06,24829.0,FDR:069500
2019-11-07,24797.0,FDR:069500
2019-11-08,24713.0,FDR:069500
2019-11-11,24524.0,FDR:069500
2019-11-12,24741.0,FDR:069500
2019-11-13,24540.0,FDR:069500
2019-11-14,24736.0,FDR:069500
2019-11-15,25088.0,FDR:069500
2019-11-18,25060.0,FDR:069500
2019-11-19,24949.0,FDR:069500
2019-11-20,24628.0,FDR:069500
2019-11-21,24266.0,FDR:069500
2019-11-22,24382.0,FDR:069500
2019-11-25,24654.0,FDR:069500
2019-11-26,24659.0,FDR:069500
2019-11-27,24685.0,FDR:069500
2019-11-28,24574.0,FDR:069500
2019-11-29,24152.0,FDR:069500
2019-12-02,24231.0,FDR:069500
2019-12-03,24108.0,FDR:069500
2019-12-04,23947.0,FDR:069500
2019-12-05,23890.0,FDR:069500
2019-12-06,24169.0,FDR:069500
2019-12-09,24280.0,FDR:069500
2019-12-10,24399.0,FDR:069500
2019-12-11,24497.0,FDR:069500
2019-12-12,24942.0,FDR:069500
2019-12-13,25331.0,FDR:069500
2019-12-16,25322.0,FDR:069500
2019-12-17,25669.0,FDR:069500
2019-12-18,25665.0,FDR:069500
2019-12-19,25689.0,FDR:069500
2019-12-20,25746.0,FDR:069500
2019-12-23,25743.0,FDR:069500
2019-12-24,25578.0,FDR:069500
2019-12-26,25681.0,FDR:069500
2019-12-27,26057.0,FDR:069500
2019-12-30,25965.0,FDR:069500
2020-01-02,25689.0,FDR:069500
2020-01-03,25685.0,FDR:069500
2020-01-06,25491.0,FDR:069500
2020-01-07,25746.0,FDR:069500
2020-01-08,25583.0,FDR:069500
2020-01-09,26010.0,FDR:069500
2020-01-10,26225.0,FDR:069500
2020-01-13,26495.0,FDR:069500
2020-01-14,26619.0,FDR:069500
2020-01-15,26462.0,FDR:069500
2020-01-16,26734.0,FDR:069500
2020-01-17,26793.0,FDR:069500
2020-01-20,26997.0,FDR:069500
2020-01-21,26694.0,FDR:069500
2020-01-22,27048.0,FDR:069500
2020-01-23,26694.0,FDR:069500
2020-01-28,25883.0,FDR:069500
2020-01-29,25969.0,FDR:069500
2020-01-30,25482.0,FDR:069500
2020-01-31,25210.0,FDR:069500
2020-02-03,25236.0,FDR:069500
2020-02-04,25668.0,FDR:069500
2020-02-05,25798.0,FDR:069500
2020-02-06,26564.0,FDR:069500
2020-02-07,26343.0,FDR:069500
2020-02-10,26202.0,FDR:069500
2020-02-11,26454.0,FDR:069500
2020-02-12,26673.0,FDR:069500
2020-02-13,26607.0,FDR:069500
2020-02-14,26769.0,FDR:069500
2020-02-17,26749.0,FDR:069500
2020-02-18,26326.0,FDR:069500
2020-02-19,26374.0,FDR:069500
2020-02-20,26237.0,FDR:069500
2020-02-21,25859.0,FDR:069500
2020-02-24,24887.0,FDR:069500
2020-02-25,25163.0,FDR:069500
2020-02-26,24796.0,FDR:069500
2020-02-27,24538.0,FDR:069500
2020-02-28,23746.0,FDR:069500
2020-03-02,23974.0,FDR:069500
2020-03-03,24083.0,FDR:069500
2020-03-04,24630.0,FDR:069500
2020-03-05,24848.0,FDR:069500
2020-03-06,24350.0,FDR:069500
2020-03-09,23322.0,FDR:069500
2020-03-10,23457.0,FDR:069500
2020-03-11,22753.0,FDR:069500
2020-03-12,21992.0,FDR:069500
2020-03-13,21425.0,FDR:069500
2020-03-16,20646.0,FDR:069500
2020-03-17,20185.0,FDR:069500
2020-03-18,19072.0,FDR:069500
2020-03-19,17676.0,FDR:069500
2020-03-20,19035.0,FDR:069500
2020-03-23,17916.0,FDR:069500
2020-03-24,19579.0,FDR:069500
2020-03-25,20703.0,FDR:069500
2020-03-26,20299.0,FDR:069500
2020-03-27,20791.0,FDR:069500
2020-03-30,20668.0,FDR:069500
2020-03-31,21033.0,FDR:069500
2020-04-01,20047.0,FDR:069500
2020-04-02,20664.0,FDR:069500
2020-04-03,20609.0,FDR:069500
2020-04-06,21434.0,FDR:069500
2020-04-07,21767.0,FDR:069500
2020-04-08,21449.0,FDR:069500
2020-04-09,21790.0,FDR:069500
2020-04-10,21974.0,FDR:069500
2020-04-13,21600.0,FDR:069500
2020-04-14,21974.0,FDR:069500
2020-04-16,21974.0,FDR:069500
2020-04-17,22645.0,FDR:069500
2020-04-20,22370.0,FDR:069500
2020-04-21,22123.0,FDR:069500
2020-04-22,22314.0,FDR:069500
2020-04-23,22533.0,FDR:069500
2020-04-24,22198.0,FDR:069500
2020-04-27,22640.0,FDR:069500
2020-04-28,22774.0,FDR:069500
2020-04-29,22925.0,FDR:069500
2020-05-04,22231.0,FDR:069500
2020-05-06,22645.0,FDR:069500
2020-05-07,22589.0,FDR:069500
2020-05-08,22783.0,FDR:069500
2020-05-11,22622.0,FDR:069500
2020-05-12,22462.0,FDR:069500
2020-05-13,22718.0,FDR:069500
2020-05-14,22480.0,FDR:069500
2020-05-15,22531.0,FDR:069500
2020-05-18,22677.0,FDR:069500
2020-05-19,23264.0,FDR:069500
2020-05-20,23317.0,FDR:069500
2020-05-21,23421.0,FDR:069500
2020-05-22,23025.0,FDR:069500
2020-05-25,23312.0,FDR:069500
2020-05-26,23734.0,FDR:069500
2020-05-27,23747.0,FDR:069500
2020-05-28,23820.0,FDR:069500
2020-05-29,23775.0,FDR:069500
2020-06-01,24246.0,FDR:069500
2020-06-02,24499.0,FDR:069500
2020-06-03,25398.0,FDR:069500
2020-06-04,25426.0,FDR:069500
2020-06-05,25856.0,FDR:069500
2020-06-08,25819.0,FDR:069500
2020-06-09,25833.0,FDR:069500
2020-06-10,25913.0,FDR:069500
2020-06-11,25485.0,FDR:069500
2020-06-12,24963.0,FDR:069500
2020-06-15,23709.0,FDR:069500
2020-06-16,25165.0,FDR:069500
2020-06-17,25096.0,FDR:069500
2020-06-18,25022.0,FDR:069500
2020-06-19,25112.0,FDR:069500
2020-06-22,24935.0,FDR:069500
2020-06-23,24997.0,FDR:069500
2020-06-24,25408.0,FDR:069500
2020-06-25,24768.0,FDR:069500
2020-06-26,25117.0,FDR:069500
2020-06-29,24711.0,FDR:069500
2020-06-30,24925.0,FDR:069500
2020-07-01,24938.0,FDR:069500
2020-07-02,25254.0,FDR:069500
2020-07-03,25463.0,FDR:069500
2020-07-06,25856.0,FDR:069500
2020-07-07,25544.0,FDR:069500
2020-07-08,25467.0,FDR:069500
2020-07-09,25586.0,FDR:069500
2020-07-10,25339.0,FDR:069500
2020-07-13,25824.0,FDR:069500
2020-07-14,25783.0,FDR:069500
2020-07-15,26039.0,FDR:069500
2020-07-16,25754.0,FDR:069500
2020-07-17,25950.0,FDR:069500
2020-07-20,25889.0,FDR:069500
2020-07-21,26267.0,FDR:069500
2020-07-22,26169.0,FDR:069500
2020-07-23,26013.0,FDR:069500
2020-07-24,25870.0,FDR:069500
2020-07-27,26120.0,FDR:069500
2020-07-28,26666.0,FDR:069500
2020-07-29,26801.0,FDR:069500
2020-07-30,26839.0,FDR:069500
2020-07-31,26625.0,FDR:069500
2020-08-03,26625.0,FDR:069500
2020-08-04,26947.0,FDR:069500
2020-08-05,27240.0,FDR:069500
2020-08-06,27668.0,FDR:069500
2020-08-07,27788.0,FDR:069500
2020-08-10,28202.0,FDR:069500
2020-08-11,28557.0,FDR:069500
2020-08-12,28713.0,FDR:069500
2020-08-13,28699.0,FDR:069500
2020-08-14,28396.0,FDR:069500
2020-08-18,27811.0,FDR:069500
2020-08-19,27907.0,FDR:069500
2020-08-20,26829.0,FDR:069500
2020-08-21,27236.0,FDR:069500
2020-08-24,27538.0,FDR:069500
2020-08-25,27900.0,FDR:069500
2020-08-26,27904.0,FDR:069500
2020-08-27,27651.0,FDR:069500
2020-08-28,27801.0,FDR:069500
2020-08-31,27349.0,FDR:069500
2020-09-01,27566.0,FDR:069500
2020-09-02,27706.0,FDR:069500
2020-09-03,28126.0,FDR:069500
2020-09-04,27732.0,FDR:069500
2020-09-07,27861.0,FDR:069500
2020-09-08,28214.0,FDR:069500
2020-09-09,27871.0,FDR:069500
2020-09-10,28134.0,FDR:069500
2020-09-11,28116.0,FDR:069500
2020-09-14,28495.0,FDR:069500
2020-09-15,28718.0,FDR:069500
2020-09-16,28638.0,FDR:069500
2020-09-17,28214.0,FDR:069500
2020-09-18,28309.0,FDR:069500
2020-09-21,28066.0,FDR:069500
2020-09-22,27412.0,FDR:069500
2020-09-23,27517.0,FDR:069500
2020-09-24,26879.0,FDR:069500
2020-09-25,27001.0,FDR:069500
2020-09-28,27395.0,FDR:069500
2020-09-29,27651.0,FDR:069500
2020-10-05,27955.0,FDR:069500
2020-10-06,28017.0,FDR:069500
2020-10-07,28291.0,FDR:069500
2020-10-08,28299.0,FDR:069500
2020-10-12,28413.0,FDR:069500
2020-10-13,28434.0,FDR:069500
2020-10-14,28156.0,FDR:069500
2020-10-15,27947.0,FDR:069500
2020-10-16,27783.0,FDR:069500
2020-10-19,27846.0,FDR:069500
2020-10-20,28039.0,FDR:069500
2020-10-21,28130.0,FDR:069500
2020-10-22,27939.0,FDR:069500
2020-10-23,28039.0,FDR:069500
2020-10-26,27985.0,FDR:069500
2020-10-27,27745.0,FDR:069500
2020-10-28,27896.0,FDR:069500
2020-10-29,27606.0,FDR:069500
2020-10-30,26854.0,FDR:069500
2020-11-02,27265.0,FDR:069500
2020-11-03,27811.0,FDR:069500
2020-11-04,27981.0,FDR:069500
2020-11-05,28598.0,FDR:069500
2020-11-06,28670.0,FDR:069500
2020-11-09,29031.0,FDR:069500
2020-11-10,29026.0,FDR:069500
2020-11-11,29492.0,FDR:069500
2020-11-12,29351.0,FDR:069500
2020-11-13,29659.0,FDR:069500
2020-11-16,30291.0,FDR:069500
2020-11-17,30282.0,FDR:069500
2020-11-18,30251.0,FDR:069500
2020-11-19,30291.0,FDR:069500
2020-11-20,30323.0,FDR:069500
2020-11-23,31019.0,FDR:069500
2020-11-24,31187.0,FDR:069500
2020-11-25,31005.0,FDR:069500
2020-11-26,31311.0,FDR:069500
2020-11-27,31383.0,FDR:069500
2020-11-30,30907.0,FDR:069500
2020-12-01,31395.0,FDR:069500
2020-12-02,31944.0,FDR:069500
2020-12-03,32170.0,FDR:069500
2020-12-04,32748.0,FDR:069500
2020-12-07,32925.0,FDR:069500
2020-12-08,32397.0,FDR:069500
2020-12-09,33148.0,FDR:069500
2020-12-10,32885.0,FDR:069500
2020-12-11,33171.0,FDR:069500
2020-12-14,33042.0,FDR:069500
2020-12-15,33042.0,FDR:069500
2020-12-16,33180.0,FDR:069500
2020-12-17,33148.0,FDR:069500
2020-12-18,33101.0,FDR:069500
2020-12-21,33144.0,FDR:069500
2020-12-22,32604.0,FDR:069500
2020-12-23,33069.0,FDR:069500
2020-12-24,33729.0,FDR:069500
2020-12-28,33895.0,FDR:069500
2020-12-29,34472.0,FDR:069500
2020-12-30,35199.0,FDR:069500
2021-01-04,36125.0,FDR:069500
2021-01-05,36670.0,FDR:069500
2021-01-06,36311.0,FDR:069500
2021-01-07,37158.0,FDR:069500
2021-01-08,38802.0,FDR:069500
2021-01-11,38900.0,FDR:069500
2021-01-12,38600.0,FDR:069500
2021-01-13,38814.0,FDR:069500
2021-01-14,38767.0,FDR:069500
2021-01-15,37914.0,FDR:069500
2021-01-18,37037.0,FDR:069500
2021-01-19,38009.0,FDR:069500
2021-01-20,38229.0,FDR:069500
2021-01-21,38789.0,FDR:069500
2021-01-22,38521.0,FDR:069500
2021-01-25,39439.0,FDR:069500
2021-01-26,38366.0,FDR:069500
2021-01-27,38238.0,FDR:069500
2021-01-28,37534.0,FDR:069500
2021-01-29,36688.0,FDR:069500
2021-02-01,37604.0,FDR:069500
2021-02-02,38162.0,FDR:069500
2021-02-03,38479.0,FDR:069500
2021-02-04,37836.0,FDR:069500
2021-02-05,38319.0,FDR:069500
2021-02-08,37940.0,FDR:069500
2021-02-09,37813.0,FDR:069500
2021-02-10,38078.0,FDR:069500
2021-02-15,38637.0,FDR:069500
2021-02-16,38802.0,FDR:069500
2021-02-17,38384.0,FDR:069500
2021-02-18,37836.0,FDR:069500
2021-02-19,38166.0,FDR:069500
2021-02-22,37766.0,FDR:069500
2021-02-23,37726.0,FDR:069500
2021-02-24,36921.0,FDR:069500
2021-02-25,38264.0,FDR:069500
2021-02-26,37206.0,FDR:069500
2021-03-02,37621.0,FDR:069500
2021-03-03,38041.0,FDR:069500
2021-03-04,37553.0,FDR:069500
2021-03-05,37353.0,FDR:069500
2021-03-08,37002.0,FDR:069500
2021-03-09,36769.0,FDR:069500
2021-03-10,36559.0,FDR:069500
2021-03-11,37305.0,FDR:069500
2021-03-12,37636.0,FDR:069500
2021-03-15,37453.0,FDR:069500
2021-03-16,37766.0,FDR:069500
2021-03-17,37465.0,FDR:069500
2021-03-18,37740.0,FDR:069500
2021-03-19,37338.0,FDR:069500
2021-03-22,37403.0,FDR:069500
2021-03-23,37052.0,FDR:069500
2021-03-24,36880.0,FDR:069500
2021-03-25,37043.0,FDR:069500
2021-03-26,37383.0,FDR:069500
2021-03-29,37316.0,FDR:069500
2021-03-30,37740.0,FDR:069500
2021-03-31,37636.0,FDR:069500
2021-04-01,37978.0,FDR:069500
2021-04-02,38402.0,FDR:069500
2021-04-05,38479.0,FDR:069500
2021-04-06,38534.0,FDR:069500
2021-04-07,38628.0,FDR:069500
2021-04-08,38591.0,FDR:069500
2021-04-09,38405.0,FDR:069500
2021-04-12,38405.0,FDR:069500
2021-04-13,38844.0,FDR:069500
2021-04-14,39113.0,FDR:069500
2021-04-15,39149.0,FDR:069500
2021-04-16,39126.0,FDR:069500
2021-04-19,39121.0,FDR:069500
2021-04-20,39365.0,FDR:069500
2021-04-21,38660.0,FDR:069500
2021-04-22,38721.0,FDR:069500
2021-04-23,38742.0,FDR:069500
2021-04-26,39097.0,FDR:069500
2021-04-27,39140.0,FDR:069500
2021-04-28,38725.0,FDR:069500
2021-04-29,38594.0,FDR:069500
2021-04-30,38325.0,FDR:069500
2021-05-03,38082.0,FDR:069500
2021-05-04,38401.0,FDR:069500
2021-05-06,38631.0,FDR:069500
2021-05-07,38879.0,FDR:069500
2021-05-10,39531.0,FDR:069500
2021-05-11,38836.0,FDR:069500
2021-05-12,38195.0,FDR:069500
2021-05-13,37756.0,FDR:069500
2021-05-14,38108.0,FDR:069500
2021-05-17,37941.0,FDR:069500
2021-05-18,38393.0,FDR:069500
2021-05-20,38271.0,FDR:069500
2021-05-21,38252.0,FDR:069500
2021-05-24,38145.0,FDR:069500
2021-05-25,38507.0,FDR:069500
2021-05-26,38428.0,FDR:069500
2021-05-27,38361.0,FDR:069500
2021-05-28,38598.0,FDR:069500
2021-05-31,38747.0,FDR:069500
2021-06-01,38966.0,FDR:069500
2021-06-02,38936.0,FDR:069500
2021-06-03,39300.0,FDR:069500
2021-06-04,39151.0,FDR:069500
2021-06-07,39290.0,FDR:069500
2021-06-08,39214.0,FDR:069500
2021-06-09,38769.0,FDR:069500
2021-06-10,38899.0,FDR:069500
2021-06-11,39186.0,FDR:069500
2021-06-14,39170.0,FDR:069500
2021-06-15,39258.0,FDR:069500
2021-06-16,39499.0,FDR:069500
2021-06-17,39271.0,FDR:069500
2021-06-18,39388.0,FDR:069500
2021-06-21,39009.0,FDR:069500
2021-06-22,39276.0,FDR:069500
2021-06-23,39482.0,FDR:069500
2021-06-24,39630.0,FDR:069500
2021-06-25,39829.0,FDR:069500
2021-06-28,39789.0,FDR:069500
2021-06-29,39635.0,FDR:069500
2021-06-30,39774.0,FDR:069500
2021-07-01,39545.0,FDR:069500
2021-07-02,39495.0,FDR:069500
2021-07-05,39680.0,FDR:069500
2021-07-06,39861.0,FDR:069500
2021-07-07,39612.0,FDR:069500
2021-07-08,39200.0,FDR:069500
2021-07-09,38783.0,FDR:069500
2021-07-12,39133.0,FDR:069500
2021-07-13,39462.0,FDR:069500
2021-07-14,39327.0,FDR:069500
2021-07-15,39593.0,FDR:069500
2021-07-16,39426.0,FDR:069500
2021-07-19,38980.0,FDR:069500
2021-07-20,38855.0,FDR:069500
2021-07-21,38655.0,FDR:069500
2021-07-22,39137.0,FDR:069500
2021-07-23,39210.0,FDR:069500
2021-07-26,38787.0,FDR:069500
2021-07-27,38851.0,FDR:069500
2021-07-28,38966.0,FDR:069500
2021-07-29,39023.0,FDR:069500
2021-07-30,38549.0,FDR:069500
2021-08-02,38729.0,FDR:069500
2021-08-03,39069.0,FDR:069500
2021-08-04,39618.0,FDR:069500
2021-08-05,39546.0,FDR:069500
2021-08-06,39359.0,FDR:069500
2021-08-09,39177.0,FDR:069500
2021-08-10,38922.0,FDR:069500
2021-08-11,38573.0,FDR:069500
2021-08-12,38417.0,FDR:069500
2021-08-13,37772.0,FDR:069500
2021-08-17,37342.0,FDR:069500
2021-08-18,37531.0,FDR:069500
2021-08-19,36782.0,FDR:069500
2021-08-20,36424.0,FDR:069500
2021-08-23,36750.0,FDR:069500
2021-08-24,37451.0,FDR:069500
2021-08-25,37566.0,FDR:069500
2021-08-26,37287.0,FDR:069500
2021-08-27,37262.0,FDR:069500
2021-08-30,37352.0,FDR:069500
2021-08-31,38092.0,FDR:069500
2021-09-01,38148.0,FDR:069500
2021-09-02,37797.0,FDR:069500
2021-09-03,38043.0,FDR:069500
2021-09-06,38174.0,FDR:069500
2021-09-07,37945.0,FDR:069500
2021-09-08,37615.0,FDR:069500
2021-09-09,36949.0,FDR:069500
2021-09-10,37122.0,FDR:069500
2021-09-13,37203.0,FDR:069500
2021-09-14,37442.0,FDR:069500
2021-09-15,37495.0,FDR:069500
2021-09-16,37167.0,FDR:069500
2021-09-17,37262.0,FDR:069500
2021-09-23,37203.0,FDR:069500
2021-09-24,37167.0,FDR:069500
2021-09-27,37291.0,FDR:069500
2021-09-28,36805.0,FDR:069500
2021-09-29,36317.0,FDR:069500
2021-09-30,36469.0,FDR:069500
2021-10-01,35788.0,FDR:069500
2021-10-05,35259.0,FDR:069500
2021-10-06,34713.0,FDR:069500
2021-10-07,35294.0,FDR:069500
2021-10-08,35217.0,FDR:069500
2021-10-12,34614.0,FDR:069500
2021-10-13,34962.0,FDR:069500
2021-10-14,35401.0,FDR:069500
2021-10-15,35766.0,FDR:069500
2021-10-18,35653.0,FDR:069500
2021-10-19,35953.0,FDR:069500
2021-10-20,35793.0,FDR:069500
2021-10-21,35731.0,FDR:069500
2021-10-22,35761.0,FDR:069500
2021-10-25,35948.0,FDR:069500
2021-10-26,36280.0,FDR:069500
2021-10-27,35977.0,FDR:069500
2021-10-28,35877.0,FDR:069500
2021-10-29,35301.0,FDR:069500
2021-11-01,35448.0,FDR:069500
2021-11-02,35919.0,FDR:069500
2021-11-03,35410.0,FDR:069500
2021-11-04,35609.0,FDR:069500
2021-11-05,35457.0,FDR:069500
2021-11-08,35410.0,FDR:069500
2021-11-09,35500.0,FDR:069500
2021-11-10,35123.0,FDR:069500
2021-11-11,35118.0,FDR:069500
2021-11-12,35491.0,FDR:069500
2021-11-15,35901.0,FDR:069500
2021-11-16,35837.0,FDR:069500
2021-11-17,35387.0,FDR:069500
2021-11-18,35243.0,FDR:069500
2021-11-19,35500.0,FDR:069500
2021-11-22,36323.0,FDR:069500
2021-11-23,36005.0,FDR:069500
2021-11-24,35934.0,FDR:069500
2021-11-25,35669.0,FDR:069500
2021-11-26,35013.0,FDR:069500
2021-11-29,34738.0,FDR:069500
2021-11-30,34032.0,FDR:069500
2021-12-01,34850.0,FDR:069500
2021-12-02,35400.0,FDR:069500
2021-12-03,35669.0,FDR:069500
2021-12-06,35737.0,FDR:069500
2021-12-07,36032.0,FDR:069500
2021-12-08,36192.0,FDR:069500
2021-12-09,36299.0,FDR:069500
2021-12-10,36102.0,FDR:069500
2021-12-13,36128.0,FDR:069500
2021-12-14,35924.0,FDR:069500
2021-12-15,35934.0,FDR:069500
2021-12-16,36142.0,FDR:069500
2021-12-17,36232.0,FDR:069500
2021-12-20,35564.0,FDR:069500
2021-12-21,35837.0,FDR:069500
2021-12-22,36028.0,FDR:069500
2021-12-23,36204.0,FDR:069500
2021-12-24,36475.0,FDR:069500
2021-12-27,36262.0,FDR:069500
2021-12-28,36556.0,FDR:069500
2021-12-29,36475.0,FDR:069500
2021-12-30,36252.0,FDR:069500
2022-01-03,36338.0,FDR:069500
2022-01-04,36313.0,FDR:069500
2022-01-05,35797.0,FDR:069500
2022-01-06,35438.0,FDR:069500
2022-01-07,35882.0,FDR:069500
2022-01-10,35609.0,FDR:069500
2022-01-11,35716.0,FDR:069500
2022-01-12,36299.0,FDR:069500
2022-01-13,36115.0,FDR:069500
2022-01-14,35555.0,FDR:069500
2022-01-17,35297.0,FDR:069500
2022-01-18,35023.0,FDR:069500
2022-01-19,34769.0,FDR:069500
2022-01-20,34972.0,FDR:069500
2022-01-21,34577.0,FDR:069500
2022-01-24,34185.0,FDR:069500
2022-01-25,33352.0,FDR:069500
2022-01-26,33253.0,FDR:069500
2022-01-27,32151.0,FDR:069500
2022-01-28,33015.0,FDR:069500
2022-02-03,33332.0,FDR:069500
2022-02-04,33772.0,FDR:069500
2022-02-07,33423.0,FDR:069500
2022-02-08,33488.0,FDR:069500
2022-02-09,33951.0,FDR:069500
2022-02-10,34234.0,FDR:069500
2022-02-11,33915.0,FDR:069500
2022-02-14,33461.0,FDR:069500
2022-02-15,33257.0,FDR:069500
2022-02-16,33856.0,FDR:069500
2022-02-17,34077.0,FDR:069500
2022-02-18,33947.0,FDR:069500
2022-02-21,33971.0,FDR:069500
2022-02-22,33478.0,FDR:069500
2022-02-23,33595.0,FDR:069500
2022-02-24,32717.0,FDR:069500
2022-02-25,33086.0,FDR:069500
2022-02-28,33337.0,FDR:069500
2022-03-02,33201.0,FDR:069500
2022-03-03,33834.0,FDR:069500
2022-03-04,33308.0,FDR:069500
2022-03-07,32562.0,FDR:069500
2022-03-08,32139.0,FDR:069500
2022-03-10,32804.0,FDR:069500
2022-03-11,32682.0,FDR:069500
2022-03-14,32622.0,FDR:069500
2022-03-15,32339.0,FDR:069500
2022-03-16,32823.0,FDR:069500
2022-03-17,33317.0,FDR:069500
2022-03-18,33390.0,FDR:069500
2022-03-21,33050.0,FDR:069500
2022-03-22,33348.0,FDR:069500
2022-03-23,33642.0,FDR:069500
2022-03-24,33488.0,FDR:069500
2022-03-25,33348.0,FDR:069500
2022-03-28,33373.0,FDR:069500
2022-03-29,33546.0,FDR:069500
2022-03-30,33665.0,FDR:069500
2022-03-31,33772.0,FDR:069500
2022-04-01,33509.0,FDR:069500
2022-04-04,33669.0,FDR:069500
2022-04-05,33637.0,FDR:069500
2022-04-06,33289.0,FDR:069500
2022-04-07,32853.0,FDR:069500
2022-04-08,32876.0,FDR:069500
2022-04-11,32876.0,FDR:069500
2022-04-12,32567.0,FDR:069500
2022-04-13,33186.0,FDR:069500
2022-04-14,33001.0,FDR:069500
2022-04-15,32608.0,FDR:069500
2022-04-18,32634.0,FDR:069500
2022-04-19,33020.0,FDR:069500
2022-04-20,32992.0,FDR:069500
2022-04-21,33135.0,FDR:069500
2022-04-22,32772.0,FDR:069500
2022-04-25,32249.0,FDR:069500
2022-04-26,32385.0,FDR:069500
2022-04-27,32005.0,FDR:069500
2022-04-28,32320.0,FDR:069500
2022-04-29,32807.0,FDR:069500
2022-05-02,32683.0,FDR:069500
2022-05-03,32603.0,FDR:069500
2022-05-04,32683.0,FDR:069500
2022-05-06,32229.0,FDR:069500
2022-05-09,31924.0,FDR:069500
2022-05-10,31758.0,FDR:069500
2022-05-11,31754.0,FDR:069500
2022-05-12,31233.0,FDR:069500
2022-05-13,31972.0,FDR:069500
2022-05-16,31844.0,FDR:069500
2022-05-17,32153.0,FDR:069500
2022-05-18,32215.0,FDR:069500
2022-05-19,31754.0,FDR:069500
2022-05-20,32320.0,FDR:069500
2022-05-23,32427.0,FDR:069500
2022-05-24,31825.0,FDR:069500
2022-05-25,31962.0,FDR:069500
2022-05-26,31854.0,FDR:069500
2022-05-27,32192.0,FDR:069500
2022-05-30,32613.0,FDR:069500
2022-05-31,32743.0,FDR:069500
2022-06-02,32386.0,FDR:069500
2022-06-03,32566.0,FDR:069500
2022-06-07,31962.0,FDR:069500
2022-06-08,32032.0,FDR:069500
2022-06-09,31933.0,FDR:069500
2022-06-10,31605.0,FDR:069500
2022-06-13,30487.0,FDR:069500
2022-06-14,30367.0,FDR:069500
2022-06-15,29827.0,FDR:069500
2022-06-16,29808.0,FDR:069500
2022-06-17,29590.0,FDR:069500
2022-06-20,29112.0,FDR:069500
2022-06-21,29277.0,FDR:069500
2022-06-22,28536.0,FDR:069500
2022-06-23,28309.0,FDR:069500
2022-06-24,28901.0,FDR:069500
2022-06-27,29272.0,FDR:069500
2022-06-28,29498.0,FDR:069500
2022-06-29,29003.0,FDR:069500
2022-06-30,28523.0,FDR:069500
2022-07-01,28233.0,FDR:069500
2022-07-04,28242.0,FDR:069500
2022-07-05,28690.0,FDR:069500
2022-07-06,28037.0,FDR:069500
2022-07-07,28602.0,FDR:069500
2022-07-08,28762.0,FDR:069500
2022-07-11,28597.0,FDR:069500
2022-07-12,28326.0,FDR:069500
2022-07-13,28472.0,FDR:069500
2022-07-14,28370.0,FDR:069500
2022-07-15,28541.0,FDR:069500
2022-07-18,29176.0,FDR:069500
2022-07-19,29079.0,FDR:069500
2022-07-20,29296.0,FDR:069500
2022-07-21,29618.0,FDR:069500
2022-07-22,29427.0,FDR:069500
2022-07-25,29545.0,FDR:069500
2022-07-26,29651.0,FDR:069500
2022-07-27,29661.0,FDR:069500
2022-07-28,29856.0,FDR:069500
2022-07-29,29986.0,FDR:069500
2022-08-01,29971.0,FDR:069500
2022-08-02,29808.0,FDR:069500
2022-08-03,30018.0,FDR:069500
2022-08-04,30170.0,FDR:069500
2022-08-05,30368.0,FDR:069500
2022-08-08,30315.0,FDR:069500
2022-08-09,30410.0,FDR:069500
2022-08-10,30055.0,FDR:069500
2022-08-11,30556.0,FDR:069500
2022-08-12,30670.0,FDR:069500
2022-08-16,30749.0,FDR:069500
2022-08-17,30590.0,FDR:069500
2022-08-18,30476.0,FDR:069500
2022-08-19,30301.0,FDR:069500
2022-08-22,29906.0,FDR:069500
2022-08-23,29533.0,FDR:069500
2022-08-24,29651.0,FDR:069500
2022-08-25,30001.0,FDR:069500
2022-08-26,30018.0,FDR:069500
2022-08-29,29296.0,FDR:069500
2022-08-30,29618.0,FDR:069500
2022-08-31,29842.0,FDR:069500
2022-09-01,29165.0,FDR:069500
2022-09-02,29003.0,FDR:069500
2022-09-05,29003.0,FDR:069500
2022-09-06,29003.0,FDR:069500
2022-09-07,28582.0,FDR:069500
2022-09-08,28638.0,FDR:069500
2022-09-13,29541.0,FDR:069500
2022-09-14,28957.0,FDR:069500
2022-09-15,28795.0,FDR:069500
2022-09-16,28590.0,FDR:069500
2022-09-19,28386.0,FDR:069500
2022-09-20,28485.0,FDR:069500
2022-09-21,28221.0,FDR:069500
2022-09-22,27914.0,FDR:069500
2022-09-23,27574.0,FDR:069500
2022-09-26,26897.0,FDR:069500
2022-09-27,26948.0,FDR:069500
2022-09-28,26286.0,FDR:069500
2022-09-29,26295.0,FDR:069500
2022-09-30,26178.0,FDR:069500
2022-10-04,26811.0,FDR:069500
2022-10-05,26816.0,FDR:069500
2022-10-06,27114.0,FDR:069500
2022-10-07,27012.0,FDR:069500
2022-10-11,26460.0,FDR:069500
2022-10-12,26688.0,FDR:069500
2022-10-13,26262.0,FDR:069500
2022-10-14,26902.0,FDR:069500
2022-10-17,26919.0,FDR:069500
2022-10-18,27267.0,FDR:069500
2022-10-19,27044.0,FDR:069500
2022-10-20,26780.0,FDR:069500
2022-10-21,26835.0,FDR:069500
2022-10-24,27085.0,FDR:069500
2022-10-25,27128.0,FDR:069500
2022-10-26,27315.0,FDR:069500
2022-10-27,27792.0,FDR:069500
2022-10-28,27430.0,FDR:069500
2022-10-31,27843.0,FDR:069500
2022-11-01,28266.0,FDR:069500
2022-11-02,28213.0,FDR:069500
2022-11-03,28054.0,FDR:069500
2022-11-04,28303.0,FDR:069500
2022-11-07,28603.0,FDR:069500
2022-11-08,29017.0,FDR:069500
2022-11-09,29306.0,FDR:069500
2022-11-10,28937.0,FDR:069500
2022-11-11,30098.0,FDR:069500
2022-11-14,29909.0,FDR:069500
2022-11-15,29995.0,FDR:069500
2022-11-16,29937.0,FDR:069500
2022-11-17,29543.0,FDR:069500
2022-11-18,29475.0,FDR:069500
2022-11-21,29250.0,FDR:069500
2022-11-22,29042.0,FDR:069500
2022-11-23,29235.0,FDR:069500
2022-11-24,29510.0,FDR:069500
2022-11-25,29387.0,FDR:069500
2022-11-28,29032.0,FDR:069500
2022-11-29,29360.0,FDR:069500
2022-11-30,29803.0,FDR:069500
2022-12-01,29980.0,FDR:069500
2022-12-02,29310.0,FDR:069500
2022-12-05,29219.0,FDR:069500
2022-12-06,28842.0,FDR:069500
2022-12-07,28682.0,FDR:069500
2022-12-08,28682.0,FDR:069500
2022-12-09,29017.0,FDR:069500
2022-12-12,28835.0,FDR:069500
2022-12-13,28813.0,FDR:069500
2022-12-14,29139.0,FDR:069500
2022-12-15,28655.0,FDR:069500
2022-12-16,28519.0,FDR:069500
2022-12-19,28524.0,FDR:069500
2022-12-20,28290.0,FDR:069500
2022-12-21,28218.0,FDR:069500
2022-12-22,28585.0,FDR:069500
2022-12-23,28093.0,FDR:069500
2022-12-26,28134.0,FDR:069500
2022-12-27,28335.0,FDR:069500
2022-12-28,27999.0,FDR:069500
2022-12-29,27497.0,FDR:069500
2023-01-02,27335.0,FDR:069500
2023-01-03,27335.0,FDR:069500
2023-01-04,27911.0,FDR:069500
2023-01-05,28134.0,FDR:069500
2023-01-06,28434.0,FDR:069500
2023-01-09,29205.0,FDR:069500
2023-01-10,29240.0,FDR:069500
2023-01-11,29293.0,FDR:069500
2023-01-12,29375.0,FDR:069500
2023-01-13,29592.0,FDR:069500
2023-01-16,29826.0,FDR:069500
2023-01-17,29592.0,FDR:069500
2023-01-18,29395.0,FDR:069500
2023-01-19,29582.0,FDR:069500
2023-01-20,29775.0,FDR:069500
2023-01-25,30245.0,FDR:069500
2023-01-26,30661.0,FDR:069500
2023-01-27,30904.0,FDR:069500
2023-01-30,30414.0,FDR:069500
2023-01-31,29945.0,FDR:069500
2023-02-01,30271.0,FDR:069500
2023-02-02,30596.0,FDR:069500
2023-02-03,30723.0,FDR:069500
2023-02-06,30024.0,FDR:069500
2023-02-07,30211.0,FDR:069500
2023-02-08,30681.0,FDR:069500
2023-02-09,30581.0,FDR:069500
2023-02-10,30503.0,FDR:069500
2023-02-13,30323.0,FDR:069500
2023-02-14,30503.0,FDR:069500
2023-02-15,29927.0,FDR:069500
2023-02-16,30522.0,FDR:069500
2023-02-17,30252.0,FDR:069500
2023-02-20,30354.0,FDR:069500
2023-02-21,30314.0,FDR:069500
2023-02-22,29786.0,FDR:069500
2023-02-23,30164.0,FDR:069500
2023-02-24,29894.0,FDR:069500
2023-02-27,29628.0,FDR:069500
2023-02-28,29710.0,FDR:069500
2023-03-02,29786.0,FDR:069500
2023-03-03,29853.0,FDR:069500
2023-03-06,30271.0,FDR:069500
2023-03-07,30112.0,FDR:069500
2023-03-08,29683.0,FDR:069500
2023-03-09,29594.0,FDR:069500
2023-03-10,29270.0,FDR:069500
2023-03-13,29507.0,FDR:069500
2023-03-14,28817.0,FDR:069500
2023-03-15,29182.0,FDR:069500
2023-03-16,29074.0,FDR:069500
2023-03-17,29407.0,FDR:069500
2023-03-20,29196.0,FDR:069500
2023-03-21,29270.0,FDR:069500
2023-03-22,29637.0,FDR:069500
2023-03-23,29724.0,FDR:069500
2023-03-24,29624.0,FDR:069500
2023-03-27,29487.0,FDR:069500
2023-03-28,29834.0,FDR:069500
2023-03-29,29880.0,FDR:069500
2023-03-30,30089.0,FDR:069500
2023-03-31,30442.0,FDR:069500
2023-04-03,30291.0,FDR:069500
2023-04-04,30428.0,FDR:069500
2023-04-05,30601.0,FDR:069500
2023-04-06,30057.0,FDR:069500
2023-04-07,30568.0,FDR:069500
2023-04-10,30862.0,FDR:069500
2023-04-11,31267.0,FDR:069500
2023-04-12,31365.0,FDR:069500
2023-04-13,31425.0,FDR:069500
2023-04-14,31537.0,FDR:069500
2023-04-17,31547.0,FDR:069500
2023-04-18,31501.0,FDR:069500
2023-04-19,31523.0,FDR:069500
2023-04-20,31430.0,FDR:069500
2023-04-21,31272.0,FDR:069500
2023-04-24,31057.0,FDR:069500
2023-04-25,30666.0,FDR:069500
2023-04-26,30634.0,FDR:069500
2023-04-27,30739.0,FDR:069500
2023-04-28,30801.0,FDR:069500
2023-05-02,31135.0,FDR:069500
2023-05-03,30856.0,FDR:069500
2023-05-04,30739.0,FDR:069500
2023-05-08,31125.0,FDR:069500
2023-05-09,31032.0,FDR:069500
2023-05-10,30838.0,FDR:069500
2023-05-11,30753.0,FDR:069500
2023-05-12,30606.0,FDR:069500
2023-05-15,30692.0,FDR:069500
2023-05-16,30778.0,FDR:069500
2023-05-17,30874.0,FDR:069500
2023-05-18,31174.0,FDR:069500
2023-05-19,31612.0,FDR:069500
2023-05-22,31815.0,FDR:069500
2023-05-23,31909.0,FDR:069500
2023-05-24,31793.0,FDR:069500
2023-05-25,31763.0,FDR:069500
2023-05-26,31871.0,FDR:069500
2023-05-30,32301.0,FDR:069500
2023-05-31,32071.0,FDR:069500
2023-06-01,31967.0,FDR:069500
2023-06-02,32376.0,FDR:069500
2023-06-05,32469.0,FDR:069500
2023-06-07,32399.0,FDR:069500
2023-06-08,32358.0,FDR:069500
2023-06-09,32787.0,FDR:069500
2023-06-12,32576.0,FDR:069500
2023-06-13,32731.0,FDR:069500
2023-06-14,32571.0,FDR:069500
2023-06-15,32456.0,FDR:069500
2023-06-16,32613.0,FDR:069500
2023-06-19,32433.0,FDR:069500
2023-06-20,32376.0,FDR:069500
2023-06-21,32074.0,FDR:069500
2023-06-22,32153.0,FDR:069500
2023-06-23,32000.0,FDR:069500
2023-06-26,32157.0,FDR:069500
2023-06-27,32145.0,FDR:069500
2023-06-28,31972.0,FDR:069500
2023-06-29,31967.0,FDR:069500
2023-06-30,32061.0,FDR:069500
2023-07-03,32561.0,FDR:069500
2023-07-04,32433.0,FDR:069500
2023-07-05,32127.0,FDR:069500
2023-07-06,31880.0,FDR:069500
2023-07-07,31427.0,FDR:069500
2023-07-10,31375.0,FDR:069500
2023-07-11,31952.0,FDR:069500
2023-07-12,32157.0,FDR:069500
2023-07-13,32414.0,FDR:069500
2023-07-14,32906.0,FDR:069500
2023-07-17,32778.0,FDR:069500
2023-07-18,32566.0,FDR:069500
2023-07-19,32528.0,FDR:069500
2023-07-20,32428.0,FDR:069500
2023-07-21,32461.0,FDR:069500
2023-07-24,32676.0,FDR:069500
2023-07-25,32731.0,FDR:069500
2023-07-26,32306.0,FDR:069500
2023-07-27,32699.0,FDR:069500
2023-07-28,32622.0,FDR:069500
2023-07-31,32770.0,FDR:069500
2023-08-01,33306.0,FDR:069500
2023-08-02,32586.0,FDR:069500
2023-08-03,32367.0,FDR:069500
2023-08-04,32372.0,FDR:069500
2023-08-07,32292.0,FDR:069500
2023-08-08,32024.0,FDR:069500
2023-08-09,32372.0,FDR:069500
2023-08-10,32269.0,FDR:069500
2023-08-11,32161.0,FDR:069500
2023-08-14,31875.0,FDR:069500
2023-08-16,31396.0,FDR:069500
2023-08-17,31302.0,FDR:069500
2023-08-18,31137.0,FDR:069500
2023-08-21,31161.0,FDR:069500
2023-08-22,31283.0,FDR:069500
2023-08-23,31217.0,FDR:069500
2023-08-24,31644.0,FDR:069500
2023-08-25,31298.0,FDR:069500
2023-08-28,31510.0,FDR:069500
2023-08-29,31658.0,FDR:069500
2023-08-30,31752.0,FDR:069500
2023-08-31,31766.0,FDR:069500
2023-09-01,32083.0,FDR:069500
2023-09-04,32287.0,FDR:069500
2023-09-05,32254.0,FDR:069500
2023-09-06,32028.0,FDR:069500
2023-09-07,31865.0,FDR:069500
2023-09-08,31912.0,FDR:069500
2023-09-11,32004.0,FDR:069500
2023-09-12,31836.0,FDR:069500
2023-09-13,31860.0,FDR:069500
2023-09-14,32310.0,FDR:069500
2023-09-15,32732.0,FDR:069500
2023-09-18,32339.0,FDR:069500
2023-09-19,32093.0,FDR:069500
2023-09-20,32088.0,FDR:069500
2023-09-21,31524.0,FDR:069500
2023-09-22,31411.0,FDR:069500
2023-09-25,31438.0,FDR:069500
2023-09-26,31029.0,FDR:069500
2023-09-27,31105.0,FDR:069500
2023-10-04,30281.0,FDR:069500
2023-10-05,30291.0,FDR:069500
2023-10-06,30346.0,FDR:069500
2023-10-10,30416.0,FDR:069500
2023-10-11,30928.0,FDR:069500
2023-10-12,31279.0,FDR:069500
2023-10-13,31006.0,FDR:069500
2023-10-16,30769.0,FDR:069500
2023-10-17,31146.0,FDR:069500
2023-10-18,31279.0,FDR:069500
2023-10-19,30683.0,FDR:069500
2023-10-20,30220.0,FDR:069500
2023-10-23,30058.0,FDR:069500
2023-10-24,30291.0,FDR:069500
2023-10-25,30125.0,FDR:069500
2023-10-26,29352.0,FDR:069500
2023-10-27,29381.0,FDR:069500
2023-10-30,29461.0,FDR:069500
2023-10-31,29103.0,FDR:069500
2023-11-01,29505.0,FDR:069500
2023-11-02,29996.0,FDR:069500
2023-11-03,30300.0,FDR:069500
2023-11-06,31718.0,FDR:069500
2023-11-07,31143.0,FDR:069500
2023-11-08,30853.0,FDR:069500
2023-11-09,31002.0,FDR:069500
2023-11-10,30824.0,FDR:069500
2023-11-13,30802.0,FDR:069500
2023-11-14,31119.0,FDR:069500
2023-11-15,31795.0,FDR:069500
2023-11-16,31770.0,FDR:069500
2023-11-17,31608.0,FDR:069500
2023-11-20,31859.0,FDR:069500
2023-11-21,32013.0,FDR:069500
2023-11-22,32070.0,FDR:069500
2023-11-23,32074.0,FDR:069500
2023-11-24,31821.0,FDR:069500
2023-11-27,31785.0,FDR:069500
2023-11-28,32149.0,FDR:069500
2023-11-29,32047.0,FDR:069500
2023-11-30,32229.0,FDR:069500
2023-12-01,31864.0,FDR:069500
2023-12-04,32028.0,FDR:069500
2023-12-05,31675.0,FDR:069500
2023-12-06,31780.0,FDR:069500
2023-12-07,31656.0,FDR:069500
2023-12-08,32116.0,FDR:069500
2023-12-11,32225.0,FDR:069500
2023-12-12,32359.0,FDR:069500
2023-12-13,32047.0,FDR:069500
2023-12-14,32434.0,FDR:069500
2023-12-15,32619.0,FDR:069500
2023-12-18,32724.0,FDR:069500
2023-12-19,32754.0,FDR:069500
2023-12-20,33382.0,FDR:069500
2023-12-21,33165.0,FDR:069500
2023-12-22,33271.0,FDR:069500
2023-12-26,33407.0,FDR:069500
2023-12-27,33778.0,FDR:069500
2023-12-28,34332.0,FDR:069500
2024-01-02,34541.0,FDR:069500
2024-01-03,33583.0,FDR:069500
2024-01-04,33287.0,FDR:069500
2024-01-05,33194.0,FDR:069500
2024-01-08,33084.0,FDR:069500
2024-01-09,32962.0,FDR:069500
2024-01-10,32601.0,FDR:069500
2024-01-11,32653.0,FDR:069500
2024-01-12,32340.0,FDR:069500
2024-01-15,32475.0,FDR:069500
2024-01-16,32033.0,FDR:069500
2024-01-17,31248.0,FDR:069500
2024-01-18,31393.0,FDR:069500
2024-01-19,31864.0,FDR:069500
2024-01-22,31897.0,FDR:069500
2024-01-23,32065.0,FDR:069500
2024-01-24,31940.0,FDR:069500
2024-01-25,31979.0,FDR:069500
2024-01-26,32038.0,FDR:069500
2024-01-29,32415.0,FDR:069500
2024-01-30,32359.0,FDR:069500
2024-01-31,32201.0,FDR:069500
2024-02-01,32755.0,FDR:069500
2024-02-02,33811.0,FDR:069500
2024-02-05,33400.0,FDR:069500
2024-02-06,33274.0,FDR:069500
2024-02-07,33744.0,FDR:069500
2024-02-08,33782.0,FDR:069500
2024-02-13,34195.0,FDR:069500
2024-02-14,33730.0,FDR:069500
2024-02-15,33683.0,FDR:069500
2024-02-16,34020.0,FDR:069500
2024-02-19,34553.0,FDR:069500
2024-02-20,34148.0,FDR:069500
2024-02-21,34073.0,FDR:069500
2024-02-22,34247.0,FDR:069500
2024-02-23,34353.0,FDR:069500
2024-02-26,34078.0,FDR:069500
2024-02-27,33786.0,FDR:069500
2024-02-28,34200.0,FDR:069500
2024-02-29,34110.0,FDR:069500
2024-03-04,34601.0,FDR:069500
2024-03-05,34324.0,FDR:069500
2024-03-06,34200.0,FDR:069500
2024-03-07,34224.0,FDR:069500
2024-03-08,34725.0,FDR:069500
2024-03-11,34434.0,FDR:069500
2024-03-12,34730.0,FDR:069500
2024-03-13,34891.0,FDR:069500
2024-03-14,35206.0,FDR:069500
2024-03-15,34543.0,FDR:069500
2024-03-18,34764.0,FDR:069500
2024-03-19,34348.0,FDR:069500
2024-03-20,34953.0,FDR:069500
2024-03-21,35900.0,FDR:069500
2024-03-22,35795.0,FDR:069500
2024-03-25,35654.0,FDR:069500
2024-03-26,36004.0,FDR:069500
2024-03-27,36024.0,FDR:069500
2024-03-28,36004.0,FDR:069500
2024-03-29,36123.0,FDR:069500
2024-04-01,36147.0,FDR:069500
2024-04-02,36248.0,FDR:069500
2024-04-03,35702.0,FDR:069500
2024-04-04,36208.0,FDR:069500
2024-04-05,35837.0,FDR:069500
2024-04-08,35989.0,FDR:069500
2024-04-09,35767.0,FDR:069500
2024-04-11,35752.0,FDR:069500
2024-04-12,35404.0,FDR:069500
2024-04-15,35249.0,FDR:069500
2024-04-16,34434.0,FDR:069500
2024-04-17,34058.0,FDR:069500
2024-04-18,34653.0,FDR:069500
2024-04-19,34001.0,FDR:069500
2024-04-22,34458.0,FDR:069500
2024-04-23,34419.0,FDR:069500
2024-04-24,35053.0,FDR:069500
2024-04-25,34448.0,FDR:069500
2024-04-26,34844.0,FDR:069500
2024-04-29,35186.0,FDR:069500
2024-04-30,35310.0,FDR:069500
2024-05-02,35182.0,FDR:069500
2024-05-03,35152.0,FDR:069500
2024-05-07,35966.0,FDR:069500
2024-05-08,36092.0,FDR:069500
2024-05-09,35688.0,FDR:069500
2024-05-10,35870.0,FDR:069500
2024-05-13,35803.0,FDR:069500
2024-05-14,35875.0,FDR:069500
2024-05-16,36216.0,FDR:069500
2024-05-17,35793.0,FDR:069500
2024-05-20,36092.0,FDR:069500
2024-05-21,35904.0,FDR:069500
2024-05-22,35904.0,FDR:069500
2024-05-23,35904.0,FDR:069500
2024-05-24,35343.0,FDR:069500
2024-05-27,35835.0,FDR:069500
2024-05-28,35875.0,FDR:069500
2024-05-29,35348.0,FDR:069500
2024-05-30,34710.0,FDR:069500
2024-05-31,34696.0,FDR:069500
2024-06-03,35319.0,FDR:069500
2024-06-04,35061.0,FDR:069500
2024-06-05,35412.0,FDR:069500
2024-06-07,35880.0,FDR:069500
2024-06-10,35566.0,FDR:069500
2024-06-11,35600.0,FDR:069500
2024-06-12,35913.0,FDR:069500
2024-06-13,36159.0,FDR:069500
2024-06-14,36279.0,FDR:069500
2024-06-17,36082.0,FDR:069500
2024-06-18,36462.0,FDR:069500
2024-06-19,37006.0,FDR:069500
2024-06-20,37152.0,FDR:069500
2024-06-21,36834.0,FDR:069500
2024-06-24,36554.0,FDR:069500
2024-06-25,36661.0,FDR:069500
2024-06-26,36962.0,FDR:069500
2024-06-27,36920.0,FDR:069500
2024-06-28,37138.0,FDR:069500
2024-07-01,37210.0,FDR:069500
2024-07-02,36943.0,FDR:069500
2024-07-03,37098.0,FDR:069500
2024-07-04,37595.0,FDR:069500
2024-07-05,38288.0,FDR:069500
2024-07-08,38163.0,FDR:069500
2024-07-09,38298.0,FDR:069500
2024-07-10,38283.0,FDR:069500
2024-07-11,38521.0,FDR:069500
2024-07-12,37991.0,FDR:069500
2024-07-15,38231.0,FDR:069500
2024-07-16,38254.0,FDR:069500
2024-07-17,37936.0,FDR:069500
2024-07-18,37659.0,FDR:069500
2024-07-19,37215.0,FDR:069500
2024-07-22,36844.0,FDR:069500
2024-07-23,36948.0,FDR:069500
2024-07-24,36733.0,FDR:069500
2024-07-25,36062.0,FDR:069500
2024-07-26,36256.0,FDR:069500
2024-07-29,36689.0,FDR:069500
2024-07-30,36346.0,FDR:069500
2024-07-31,36877.0,FDR:069500
2024-08-01,36907.0,FDR:069500
2024-08-02,35421.0,FDR:069500
2024-08-05,32170.0,FDR:069500
2024-08-06,33062.0,FDR:069500
2024-08-07,33817.0,FDR:069500
2024-08-08,33566.0,FDR:069500
2024-08-09,34024.0,FDR:069500
2024-08-12,34415.0,FDR:069500
2024-08-13,34532.0,FDR:069500
2024-08-14,34856.0,FDR:069500
2024-08-16,35684.0,FDR:069500
2024-08-19,35368.0,FDR:069500
2024-08-20,35723.0,FDR:069500
2024-08-21,35674.0,FDR:069500
2024-08-22,35728.0,FDR:069500
2024-08-23,35704.0,FDR:069500
2024-08-26,35515.0,FDR:069500
2024-08-27,35334.0,FDR:069500
2024-08-28,35397.0,FDR:069500
2024-08-29,34929.0,FDR:069500
2024-08-30,35111.0,FDR:069500
2024-09-02,35073.0,FDR:069500
2024-09-03,34779.0,FDR:069500
2024-09-04,33570.0,FDR:069500
2024-09-05,33517.0,FDR:069500
2024-09-06,33218.0,FDR:069500
2024-09-09,32994.0,FDR:069500
2024-09-10,32853.0,FDR:069500
2024-09-11,32544.0,FDR:069500
2024-09-12,33288.0,FDR:069500
2024-09-13,33360.0,FDR:069500
2024-09-19,33302.0,FDR:069500
2024-09-20,33384.0,FDR:069500
2024-09-23,33488.0,FDR:069500
2024-09-24,33888.0,FDR:069500
2024-09-25,33389.0,FDR:069500
2024-09-26,34512.0,FDR:069500
2024-09-27,34373.0,FDR:069500
2024-09-30,33585.0,FDR:069500
2024-10-02,33232.0,FDR:069500
2024-10-04,33218.0,FDR:069500
2024-10-07,33744.0,FDR:069500
2024-10-08,33488.0,FDR:069500
2024-10-10,33551.0,FDR:069500
2024-10-11,33593.0,FDR:069500
2024-10-14,33991.0,FDR:069500
2024-10-15,34111.0,FDR:069500
2024-10-16,33802.0,FDR:069500
2024-10-17,33879.0,FDR:069500
2024-10-18,33682.0,FDR:069500
2024-10-21,33778.0,FDR:069500
2024-10-22,33285.0,FDR:069500
2024-10-23,33715.0,FDR:069500
2024-10-24,33434.0,FDR:069500
2024-10-25,33459.0,FDR:069500
2024-10-28,33764.0,FDR:069500
2024-10-29,33851.0,FDR:069500
2024-10-30,33526.0,FDR:069500
2024-10-31,33083.0,FDR:069500
2024-11-01,32850.0,FDR:069500
2024-11-04,33398.0,FDR:069500
2024-11-05,33211.0,FDR:069500
2024-11-06,33132.0,FDR:069500
2024-11-07,33117.0,FDR:069500
2024-11-08,33078.0,FDR:069500
2024-11-11,32545.0,FDR:069500
2024-11-12,31865.0,FDR:069500
2024-11-13,31050.0,FDR:069500
2024-11-14,30918.0,FDR:069500
2024-11-15,31143.0,FDR:069500
2024-11-18,31865.0,FDR:069500
2024-11-19,31977.0,FDR:069500
2024-11-20,32042.0,FDR:069500
2024-11-21,32080.0,FDR:069500
2024-11-22,32365.0,FDR:069500
2024-11-25,32745.0,FDR:069500
2024-11-26,32642.0,FDR:069500
2024-11-27,32389.0,FDR:069500
2024-11-28,32292.0,FDR:069500
2024-11-29,31681.0,FDR:069500
2024-12-02,31739.0,FDR:069500
2024-12-03,32205.0,FDR:069500
2024-12-04,31769.0,FDR:069500
2024-12-05,31545.0,FDR:069500
2024-12-06,31384.0,FDR:069500
2024-12-09,30604.0,FDR:069500
2024-12-10,31225.0,FDR:069500
2024-12-11,31550.0,FDR:069500
2024-12-12,32002.0,FDR:069500
2024-12-13,32146.0,FDR:069500
2024-12-16,32032.0,FDR:069500
2024-12-17,31661.0,FDR:069500
2024-12-18,32108.0,FDR:069500
2024-12-19,31379.0,FDR:069500
2024-12-20,30928.0,FDR:069500
2024-12-23,31448.0,FDR:069500
2024-12-24,31473.0,FDR:069500
2024-12-26,31287.0,FDR:069500
2024-12-27,31201.0,FDR:069500
2024-12-30,31119.0,FDR:069500
2025-01-02,31050.0,FDR:069500
2025-01-03,31671.0,FDR:069500
2025-01-06,32352.0,FDR:069500
2025-01-07,32361.0,FDR:069500
2025-01-08,32672.0,FDR:069500
2025-01-09,32696.0,FDR:069500
2025-01-10,32647.0,FDR:069500
2025-01-13,32214.0,FDR:069500
2025-01-14,32356.0,FDR:069500
2025-01-15,32307.0,FDR:069500
2025-01-16,32769.0,FDR:069500
2025-01-17,32700.0,FDR:069500
2025-01-20,32647.0,FDR:069500
2025-01-21,32677.0,FDR:069500
2025-01-22,33050.0,FDR:069500
2025-01-23,32696.0,FDR:069500
2025-01-24,32890.0,FDR:069500
2025-01-31,32570.0,FDR:069500
2025-02-03,31678.0,FDR:069500
2025-02-04,32073.0,FDR:069500
2025-02-05,32452.0,FDR:069500
2025-02-06,32780.0,FDR:069500
2025-02-07,32565.0,FDR:069500
2025-02-10,32632.0,FDR:069500
2025-02-11,32890.0,FDR:069500
2025-02-12,32934.0,FDR:069500
2025-02-13,33299.0,FDR:069500
2025-02-14,33465.0,FDR:069500
2025-02-17,33709.0,FDR:069500
2025-02-18,33957.0,FDR:069500
2025-02-19,34648.0,FDR:069500
2025-02-20,34346.0,FDR:069500
2025-02-21,34386.0,FDR:069500
2025-02-24,34171.0,FDR:069500
2025-02-25,33992.0,FDR:069500
2025-02-26,34162.0,FDR:069500
2025-02-27,34025.0,FDR:069500
2025-02-28,32895.0,FDR:069500
2025-03-04,32814.0,FDR:069500
2025-03-05,33062.0,FDR:069500
2025-03-06,33386.0,FDR:069500
2025-03-07,33232.0,FDR:069500
2025-03-10,33308.0,FDR:069500
2025-03-11,32934.0,FDR:069500
2025-03-12,33456.0,FDR:069500
2025-03-13,33294.0,FDR:069500
2025-03-14,33480.0,FDR:069500
2025-03-17,34132.0,FDR:069500
2025-03-18,34215.0,FDR:069500
2025-03-19,34507.0,FDR:069500
2025-03-20,34742.0,FDR:069500
2025-03-21,34906.0,FDR:069500
2025-03-24,34786.0,FDR:069500
2025-03-25,34624.0,FDR:069500
2025-03-26,34916.0,FDR:069500
2025-03-27,34488.0,FDR:069500
2025-03-28,33933.0,FDR:069500
2025-03-31,32979.0,FDR:069500
2025-04-01,33451.0,FDR:069500
2025-04-02,33285.0,FDR:069500
2025-04-03,32871.0,FDR:069500
2025-04-04,32580.0,FDR:069500
2025-04-07,30724.0,FDR:069500
2025-04-08,30710.0,FDR:069500
2025-04-09,30198.0,FDR:069500
2025-04-10,32059.0,FDR:069500
2025-04-11,31961.0,FDR:069500
2025-04-14,32164.0,FDR:069500
2025-04-15,32481.0,FDR:069500
2025-04-16,31975.0,FDR:069500
2025-04-17,32292.0,FDR:069500
2025-04-18,32511.0,FDR:069500
2025-04-21,32555.0,FDR:069500
2025-04-22,32447.0,FDR:069500
2025-04-23,33033.0,FDR:069500
2025-04-24,32974.0,FDR:069500
2025-04-25,33280.0,FDR:069500
2025-04-28,33304.0,FDR:069500
2025-04-29,33532.0,FDR:069500
2025-04-30,33463.0,FDR:069500
2025-05-02,33493.0,FDR:069500
2025-05-07,33779.0,FDR:069500
2025-05-08,33793.0,FDR:069500
2025-05-09,33788.0,FDR:069500
2025-05-12,34267.0,FDR:069500
2025-05-13,34345.0,FDR:069500
2025-05-14,34805.0,FDR:069500
2025-05-15,34548.0,FDR:069500
2025-05-16,34676.0,FDR:069500
2025-05-19,34286.0,FDR:069500
2025-05-20,34355.0,FDR:069500
2025-05-21,34573.0,FDR:069500
2025-05-22,34128.0,FDR:069500
2025-05-23,34158.0,FDR:069500
2025-05-26,34701.0,FDR:069500
2025-05-27,34810.0,FDR:069500
2025-05-28,35283.0,FDR:069500
2025-05-29,35982.0,FDR:069500
2025-05-30,35638.0,FDR:069500
2025-06-02,35623.0,FDR:069500
2025-06-04,36624.0,FDR:069500
2025-06-05,37265.0,FDR:069500
2025-06-09,37910.0,FDR:069500
2025-06-10,38133.0,FDR:069500
2025-06-11,38581.0,FDR:069500
2025-06-12,38651.0,FDR:069500
2025-06-13,38324.0,FDR:069500
2025-06-16,39024.0,FDR:069500
2025-06-17,39128.0,FDR:069500
2025-06-18,39459.0,FDR:069500
2025-06-19,39523.0,FDR:069500
2025-06-20,40075.0,FDR:069500
2025-06-23,40035.0,FDR:069500
2025-06-24,41358.0,FDR:069500
2025-06-25,41486.0,FDR:069500
2025-06-26,41111.0,FDR:069500
2025-06-27,40859.0,FDR:069500
2025-06-30,41121.0,FDR:069500
2025-07-01,41239.0,FDR:069500
2025-07-02,41081.0,FDR:069500
2025-07-03,41718.0,FDR:069500
2025-07-04,40914.0,FDR:069500
2025-07-07,40978.0,FDR:069500
2025-07-08,41737.0,FDR:069500
2025-07-09,41859.0,FDR:069500
2025-07-10,42403.0,FDR:069500
2025-07-11,42428.0,FDR:069500
2025-07-14,42821.0,FDR:069500
2025-07-15,43103.0,FDR:069500
2025-07-16,42699.0,FDR:069500
2025-07-17,42781.0,FDR:069500
2025-07-18,42736.0,FDR:069500
2025-07-21,43083.0,FDR:069500
2025-07-22,42492.0,FDR:069500
2025-07-23,42644.0,FDR:069500
2025-07-24,42600.0,FDR:069500
2025-07-25,42709.0,FDR:069500
2025-07-28,42931.0,FDR:069500
2025-07-29,43222.0,FDR:069500
2025-07-30,43593.0,FDR:069500
2025-07-31,43488.0,FDR:069500
2025-08-01,41722.0,FDR:069500
2025-08-04,42203.0,FDR:069500
2025-08-05,42775.0,FDR:069500
2025-08-06,42750.0,FDR:069500
2025-08-07,43118.0,FDR:069500
2025-08-08,43014.0,FDR:069500
2025-08-11,43023.0,FDR:069500
2025-08-12,42885.0,FDR:069500
2025-08-13,43326.0,FDR:069500
2025-08-14,43286.0,FDR:069500
2025-08-18,42632.0,FDR:069500
2025-08-19,42330.0,FDR:069500
2025-08-20,42078.0,FDR:069500
2025-08-21,42183.0,FDR:069500
2025-08-22,42533.0,FDR:069500
2025-08-25,43053.0,FDR:069500
2025-08-26,42647.0,FDR:069500
2025-08-27,42717.0,FDR:069500
2025-08-28,42935.0,FDR:069500
2025-08-29,42770.0,FDR:069500
2025-09-01,42053.0,FDR:069500
2025-09-02,42499.0,FDR:069500
2025-09-03,42712.0,FDR:069500
2025-09-04,42870.0,FDR:069500
2025-09-05,43043.0,FDR:069500
2025-09-08,43212.0,FDR:069500
2025-09-09,43801.0,FDR:069500
2025-09-10,44721.0,FDR:069500
2025-09-11,45014.0,FDR:069500
2025-09-12,45924.0,FDR:069500
2025-09-15,46198.0,FDR:069500
2025-09-16,46950.0,FDR:069500
2025-09-17,46374.0,FDR:069500
2025-09-18,47188.0,FDR:069500
2025-09-19,47014.0,FDR:069500
2025-09-22,47474.0,FDR:069500
2025-09-23,47856.0,FDR:069500
2025-09-24,47706.0,FDR:069500
2025-09-25,47721.0,FDR:069500
2025-09-26,46578.0,FDR:069500
2025-09-29,47290.0,FDR:069500
2025-09-30,47163.0,FDR:069500
2025-10-01,47658.0,FDR:069500
2025-10-02,49079.0,FDR:069500
2025-10-10,50325.0,FDR:069500
2025-10-13,49866.0,FDR:069500
2025-10-14,49360.0,FDR:069500
2025-10-15,50731.0,FDR:069500
2025-10-16,52063.0,FDR:069500
2025-10-17,52211.0,FDR:069500
2025-10-20,53166.0,FDR:069500
2025-10-21,53281.0,FDR:069500
2025-10-22,53885.0,FDR:069500
2025-10-23,53315.0,FDR:069500
2025-10-24,54707.0,FDR:069500
2025-10-27,56211.0,FDR:069500
2025-10-28,55652.0,FDR:069500
2025-10-29,56816.0,FDR:069500
2025-10-30,57015.0,FDR:069500
2025-10-31,57709.0,FDR:069500
2025-11-03,59482.0,FDR:069500
2025-11-04,57843.0,FDR:069500
2025-11-05,56240.0,FDR:069500
2025-11-06,56549.0,FDR:069500
2025-11-07,55527.0,FDR:069500
2025-11-10,57223.0,FDR:069500
2025-11-11,57759.0,FDR:069500
2025-11-12,58360.0,FDR:069500
2025-11-13,58627.0,FDR:069500
2025-11-14,56087.0,FDR:069500
2025-11-17,57283.0,FDR:069500
2025-11-18,55382.0,FDR:069500
2025-11-19,54995.0,FDR:069500
2025-11-20,56176.0,FDR:069500
2025-11-21,53819.0,FDR:069500
2025-11-24,53804.0,FDR:069500
2025-11-25,54195.0,FDR:069500
2025-11-26,55660.0,FDR:069500
2025-11-27,56052.0,FDR:069500
2025-11-28,55233.0,FDR:069500
2025-12-01,55158.0,FDR:069500
2025-12-02,56250.0,FDR:069500
2025-12-03,56866.0,FDR:069500
2025-12-04,56721.0,FDR:069500
2025-12-05,57803.0,FDR:069500
2025-12-08,58579.0,FDR:069500
2025-12-09,58265.0,FDR:069500
2025-12-10,58240.0,FDR:069500
2025-12-11,57764.0,FDR:069500
2025-12-12,58554.0,FDR:069500
2025-12-15,57223.0,FDR:069500
2025-12-16,55978.0,FDR:069500
2025-12-17,57060.0,FDR:069500
2025-12-18,56395.0,FDR:069500
2025-12-19,56692.0,FDR:069500
2025-12-22,57988.0,FDR:069500
2025-12-23,58156.0,FDR:069500
2025-12-24,58171.0,FDR:069500
2025-12-26,58667.0,FDR:069500
2025-12-29,60265.0,FDR:069500
2025-12-30,60440.0,FDR:069500
2026-01-02,62191.0,FDR:069500
2026-01-05,64553.0,FDR:069500
2026-01-06,65714.0,FDR:069500
2026-01-07,66220.0,FDR:069500
2026-01-08,66121.0,FDR:069500
2026-01-09,66677.0,FDR:069500
2026-01-12,67103.0,FDR:069500
2026-01-13,67953.0,FDR:069500
2026-01-14,68325.0,FDR:069500
2026-01-15,69491.0,FDR:069500
2026-01-16,70225.0,FDR:069500
2026-01-19,71243.0,FDR:069500
2026-01-20,70657.0,FDR:069500
2026-01-21,71218.0,FDR:069500
2026-01-22,71987.0,FDR:069500
2026-01-23,72479.0,FDR:069500
2026-01-26,71764.0,FDR:069500
2026-01-27,74215.0,FDR:069500
2026-01-28,75605.0,FDR:069500
2026-01-29,76539.0,FDR:069500
2026-01-30,76808.0,FDR:069500
2026-02-02,72232.0,FDR:069500
2026-02-03,77787.0,FDR:069500
2026-02-04,78875.0,FDR:069500
2026-02-05,75521.0,FDR:069500
2026-02-06,74711.0,FDR:069500
2026-02-09,77836.0,FDR:069500
2026-02-10,77931.0,FDR:069500
2026-02-11,78606.0,FDR:069500
2026-02-12,81448.0,FDR:069500
2026-02-13,81334.0,FDR:069500
2026-02-19,83848.0,FDR:069500
2026-02-20,85745.0,FDR:069500
2026-02-23,86381.0,FDR:069500
2026-02-24,88512.0,FDR:069500
2026-02-25,90306.0,FDR:069500
2026-02-26,94414.0,FDR:069500
2026-02-27,93515.0,FDR:069500
2026-03-03,86147.0,FDR:069500
2026-03-04,75412.0,FDR:069500
2026-03-05,83032.0,FDR:069500
2026-03-06,83022.0,FDR:069500
2026-03-09,77727.0,FDR:069500
2026-03-10,82367.0,FDR:069500
2026-03-11,83286.0,FDR:069500
2026-03-12,82665.0,FDR:069500
2026-03-13,81015.0,FDR:069500
2026-03-16,82452.0,FDR:069500
2026-03-17,84090.0,FDR:069500
2026-03-18,88796.0,FDR:069500
2026-03-19,86192.0,FDR:069500
2026-03-20,86103.0,FDR:069500
2026-03-23,80503.0,FDR:069500
2026-03-24,82967.0,FDR:069500
2026-03-25,83966.0,FDR:069500
2026-03-26,81075.0,FDR:069500
2026-03-27,80703.0,FDR:069500
2026-03-30,78174.0,FDR:069500
2026-03-31,74945.0,FDR:069500
2026-04-01,81641.0,FDR:069500
2026-04-02,77687.0,FDR:069500
2026-04-03,80056.0,FDR:069500
2026-04-06,81224.0,FDR:069500
2026-04-07,82238.0,FDR:069500
2026-04-08,88428.0,FDR:069500
2026-04-09,86689.0,FDR:069500
2026-04-10,88085.0,FDR:069500
2026-04-13,87315.0,FDR:069500
2026-04-14,89849.0,FDR:069500
2026-04-15,92069.0,FDR:069500
2026-04-16,94101.0,FDR:069500
2026-04-17,93445.0,FDR:069500
2026-04-20,93893.0,FDR:069500
2026-04-21,96297.0,FDR:069500
2026-04-22,96675.0,FDR:069500
2026-04-23,97723.0,FDR:069500
2026-04-24,97370.0,FDR:069500
2026-04-27,99596.0,FDR:069500
2026-04-28,100053.0,FDR:069500
2026-04-29,100842.0,FDR:069500
2026-04-30,99704.0,FDR:069500
2026-05-04,105083.0,FDR:069500
2026-05-06,113042.0,FDR:069500
2026-05-07,115387.0,FDR:069500
2026-05-08,115577.0,FDR:069500
2026-05-11,121560.0,FDR:069500
2026-05-12,118860.0,FDR:069500
2026-05-13,122408.0,FDR:069500
2026-05-14,124604.0,FDR:069500
2026-05-15,116964.0,FDR:069500
2026-05-18,117603.0,FDR:069500
2026-05-19,114085.0,FDR:069500
2026-05-20,113112.0,FDR:069500
2026-05-21,122812.0,FDR:069500
2026-05-22,123102.0,FDR:069500
2026-05-26,126500.0,FDR:069500
2026-05-27,130337.0,FDR:069500
2026-05-28,129728.0,FDR:069500
2026-05-29,134544.0,FDR:069500
2026-06-01,141110.0,FDR:069500
2026-06-02,141290.0,FDR:069500
2026-06-04,138451.0,FDR:069500
2026-06-05,130766.0,FDR:069500
2026-06-08,119319.0,FDR:069500
2026-06-09,129868.0,FDR:069500
2026-06-10,123546.0,FDR:069500
2026-06-11,123601.0,FDR:069500
2026-06-12,129010.0,FDR:069500
2026-06-15,136016.0,FDR:069500
2026-06-16,139269.0,FDR:069500
2026-06-17,141769.0,FDR:069500
2026-06-18,146649.0,FDR:069500
2026-06-19,146614.0,FDR:069500
2026-06-22,148056.0,FDR:069500
2026-06-23,132553.0,FDR:069500
2026-06-24,137867.0,FDR:069500
2026-06-25,145537.0,FDR:069500
2026-06-26,137104.0,FDR:069500
2026-06-29,136140.0,FDR:069500
2026-06-30,138301.0,FDR:069500
2026-07-01,134254.0,FDR:069500
2026-07-02,123281.0,FDR:069500
2026-07-03,130746.0,FDR:069500
2026-07-06,129863.0,FDR:069500
2026-07-07,123461.0,FDR:069500
2026-07-08,116630.0,FDR:069500
2026-07-09,117463.0,FDR:069500
2026-07-10,120362.0,FDR:069500
2026-07-13,108601.0,FDR:069500
2026-07-14,109499.0,FDR:069500
2026-07-15,116500.0,FDR:069500
2026-07-16,108781.0,FDR:069500
2026-07-20,103885.0,FDR:069500
2026-07-21,107922.0,FDR:069500
2026-07-22,108097.0,FDR:069500
2026-07-23,113002.0,FDR:069500
2026-07-24,106151.0,FDR:069500
2026-07-27,107513.0,FDR:069500
2026-07-28,95482.0,FDR:069500
2026-07-29,89425.0,FDR:069500
2026-07-30,87635.0,FDR:069500
2026-07-31,108820.0,FDR:069500
2026-08-03,99105.0,FDR:069500
2026-08-04,100330.0,FDR:069500
2026-08-05,104300.0,FDR:069500
2026-08-06,98900.0,FDR:069500
2026-08-07,98090.0,FDR:069500
2026-08-10,98265.0,FDR:069500
2026-08-11,99265.0,FDR:069500
2026-08-12,103250.0,FDR:069500
2026-08-13,107270.0,FDR:069500
2026-08-14,110060.0,FDR:069500
2026-08-18,108550.0,FDR:069500
2026-08-19,101760.0,FDR:069500
2026-08-20,108190.0,FDR:069500
2026-08-21,109980.0,FDR:069500
2026-08-24,105995.0,FDR:069500
2026-08-25,106795.0,FDR:069500
2026-08-26,107710.0,FDR:069500
2026-08-27,109135.0,FDR:069500
2026-08-28,107180.0,FDR:069500
2026-08-31,107615.0,FDR:069500
2026-09-01,107885.0,FDR:069500
2026-09-02,103500.0,FDR:069500
2026-09-03,103610.0,FDR:069500
2026-09-04,105720.0,FDR:069500
2026-09-07,110820.0,FDR:069500
2026-09-08,110335.0,FDR:069500
2026-09-09,112100.0,FDR:069500
2026-09-10,111865.0,FDR:069500
2026-09-11,109500.0,FDR:069500
2026-09-14,105410.0,FDR:069500
2026-09-15,104275.0,FDR:069500
2026-09-16,106365.0,FDR:069500
2026-09-17,106280.0,FDR:069500
2026-09-18,109285.0,FDR:069500
2026-09-21,111700.0,FDR:069500
2026-09-22,111880.0,FDR:069500
2026-09-23,113145.0,FDR:069500
