month,port,bench,names,buys,excess
2015-07-31,0.0149562,-0.0486234,20,20,0.0635795
2015-08-31,-0.0530869,0.0204434,20,8,-0.0735303
2015-09-30,-0.00468711,0.056044,20,5,-0.0607311
2015-10-30,0.0673906,-0.0175698,20,9,0.0849605
2015-11-30,-0.0358931,-0.0251355,20,5,-0.0107576
2015-12-30,0.063328,-0.02687,20,4,0.090198
2016-01-29,-0.0902904,0.0239619,20,7,-0.114252
2016-02-29,0.00696128,0.0299434,20,6,-0.0229821
2016-03-31,0.00890088,-0.00297243,20,7,0.0118733
2016-04-29,0.0639735,-0.00882137,20,5,0.0727948
2016-05-31,0.0119259,0.00931191,20,5,0.00261401
2016-06-30,0.00127381,0.0324543,20,9,-0.0311805
2016-07-29,0.0226726,0.00806611,20,6,0.0146065
2016-08-31,0.0569278,0.0178859,20,9,0.0390419
2016-09-30,-0.171074,-0.0160302,20,8,-0.155044
2016-10-31,-0.0559686,-0.00199726,20,6,-0.0539713
2016-11-30,0.0430319,0.0179721,20,9,0.0250598
2016-12-29,0.00954699,0.0375453,20,6,-0.0279983
2017-01-31,-0.0616463,0.0110715,20,5,-0.0727178
2017-02-28,0.071004,0.0344308,20,4,0.0365732
2017-03-31,-0.144681,0.0251856,19,6,-0.169866
2017-04-28,-0.0874927,0.0559252,20,5,-0.143418
2017-05-31,0.0187463,0.0254643,20,9,-0.00671802
2017-06-30,-0.0112441,0.003456,20,6,-0.0147001
2017-07-31,0.0121194,-0.0150839,20,5,0.0272032
2017-08-31,-0.0470079,0.0402785,20,10,-0.0872864
2017-09-29,-0.0287057,0.0447571,20,6,-0.0734628
2017-10-31,0.102789,-0.0262758,20,4,0.129065
2017-11-30,0.0173884,-0.00342665,20,2,0.0208151
2017-12-28,0.0215549,0.0286434,20,5,-0.00708847
2018-01-31,-0.120216,-0.0744643,20,6,-0.0457519
2018-02-28,0.097637,0.0175744,20,5,0.0800626
2018-03-30,-0.0403344,0.0253518,20,3,-0.0656861
2018-04-30,0.0250444,-0.041507,20,4,0.0665513
2018-05-31,-0.0980914,-0.0355012,20,7,-0.0625901
2018-06-29,-0.0240781,-0.00267451,20,6,-0.0214036
2018-07-31,0.131359,0.00278225,20,7,0.128576
2018-08-31,0.00044262,0.00802273,20,4,-0.00758011
2018-09-28,-0.255688,-0.122136,20,5,-0.133552
2018-10-31,0.135038,0.0414778,20,4,0.0935599
2018-11-30,0.0307049,-0.0447951,20,7,0.0755
2018-12-28,0.0675535,0.0900702,20,3,-0.0225168
2019-01-31,-0.119409,-0.0033093,20,7,-0.1161
2019-02-28,0.0144206,-0.0269467,20,4,0.0413673
2019-03-29,-0.0326715,0.0178155,20,4,-0.0504869
2019-04-30,-0.0432462,-0.0730141,20,7,0.0297679
2019-05-31,0.00964449,0.0643749,20,9,-0.0547304
2019-06-28,-0.090556,-0.0522909,20,7,-0.0382651
2019-07-31,0.030939,-0.0253614,20,10,0.0563003
2019-08-30,0.00120379,0.0587803,20,6,-0.0575765
2019-09-30,-0.0387416,0.0100208,20,6,-0.0487624
2019-10-31,-0.0553504,0.00760401,20,6,-0.0629544
2019-11-29,0.0595249,0.0572106,20,8,0.00231431
2019-12-30,-0.0657505,-0.0476563,20,9,-0.0180942
2020-01-31,-0.0943908,-0.0377628,20,4,-0.0566281
2020-02-28,0.116453,-0.131162,20,8,0.247615
2020-03-31,0.0936459,0.0777441,20,7,0.0159018
2020-04-29,0.127348,0.0667485,20,9,0.0605996
2020-05-29,0.0537784,0.051283,20,7,0.00249537
2020-06-30,0.248271,0.0581773,20,8,0.190094
2020-07-31,0.262079,0.0317455,20,4,0.230334
2020-08-31,-0.0732184,0.00184418,20,5,-0.0750625
2020-09-29,-0.129903,-0.0225416,20,5,-0.107362
2020-10-30,0.147001,0.154293,20,5,-0.00729274
2020-11-30,0.00809287,0.114864,20,6,-0.106771
2020-12-30,-0.122313,0.0390501,20,7,-0.161363
2021-01-29,-0.011453,0.015542,20,6,-0.026995
2021-02-26,-0.0139394,0.0145742,20,7,-0.0285136
2021-03-31,0.0349389,0.0133097,20,10,0.0216292
2021-04-30,0.00116936,0.0131112,20,5,-0.0119418
2021-05-31,0.0665311,0.0255326,20,3,0.0409985
2021-06-30,-0.00987176,-0.0289743,20,6,0.0191025
2021-07-30,-0.0570312,-0.0167022,20,8,-0.040329
2021-08-31,0.00532357,-0.0468545,20,7,0.0521781
2021-09-30,-0.012802,-0.023002,20,6,0.0102
2021-10-29,-0.107731,-0.0355844,20,5,-0.0721469
2021-11-30,0.102104,0.0550139,20,7,0.0470896
2021-12-30,-0.212952,-0.0833165,20,6,-0.129635
2022-01-28,0.021762,-0.00700415,20,6,0.0287662
2022-02-28,0.0224373,0.00677694,20,9,0.0156604
2022-03-31,-0.0133431,-0.0347831,20,7,0.02144
2022-04-29,-0.00030173,0.00278956,20,6,-0.00309129
2022-05-31,-0.134887,-0.123677,20,8,-0.0112109
2022-06-30,0.0536519,0.0434698,20,5,0.0101821
2022-07-29,0.00727771,-0.0105544,20,4,0.0178321
2022-08-31,-0.163104,-0.101933,20,6,-0.0611719
2022-09-30,0.0891549,0.0498865,20,5,0.0392684
2022-10-31,0.0607438,0.082654,20,4,-0.0219102
2022-11-30,-0.17307,-0.0997941,20,4,-0.0732755
2022-12-29,0.0470424,0.0943667,20,4,-0.0473243
2023-01-31,0.0635239,-0.0163474,20,4,0.0798713
2023-02-28,0.29027,0.0249921,20,6,0.265278
2023-03-31,0.00246981,0.0117891,20,9,-0.00931928
2023-04-28,-0.105987,0.0347717,20,10,-0.140759
2023-05-31,0.0539951,0.00561532,20,6,0.0483797
2023-06-30,0.308573,0.020837,20,4,0.287736
2023-07-31,0.0052582,-0.0381172,20,3,0.0433754
2023-08-31,-0.10527,-0.0344198,20,5,-0.0708503
2023-09-27,-0.184896,-0.0466818,20,6,-0.138214
2023-10-31,0.163924,0.0948139,20,2,0.0691097
2023-11-30,0.0485755,0.0585667,20,8,-0.00999126
2023-12-28,-0.125254,-0.057627,20,8,-0.0676266
2024-01-31,0.150082,0.0687725,20,5,0.0813094
2024-02-29,0.0731161,0.052007,20,6,0.0211091
2024-03-29,-0.0403683,-0.0378383,20,7,-0.00253005
2024-04-30,0.0583484,-0.00470595,20,4,0.0630543
2024-05-31,0.0965481,0.0592822,20,5,0.0372659
2024-06-28,-0.144153,0.00151397,20,5,-0.145667
2024-07-31,-0.136117,-0.0550198,20,4,-0.0810975
2024-08-30,-0.000737479,-0.0601539,20,8,0.0594164
2024-09-30,0.0115547,-0.00939077,20,5,0.0209455
2024-10-31,-0.0868976,-0.0269285,20,6,-0.059969
2024-11-29,0.0336233,-0.0328493,20,4,0.0664725
2024-12-30,0.0716161,0.0275749,20,6,0.0440412
2025-01-31,0.0243522,0.018809,20,4,0.00554325
2025-02-28,-0.0529316,0.0124481,20,2,-0.0653797
2025-03-31,0.143762,0.00579116,20,4,0.137971
2025-04-30,0.117187,0.0593203,20,7,0.0578665
2025-05-30,0.143672,0.162644,20,3,-0.0189712
2025-06-30,0.0316575,0.0374961,20,5,-0.00583857
2025-07-31,0.0149139,-0.0148816,20,5,0.0297955
2025-08-29,0.0535595,0.119279,20,3,-0.0657199
2025-09-30,0.153164,0.217223,20,2,-0.064059
2025-10-31,-0.12338,-0.0348479,20,4,-0.0885321
2025-11-28,-0.00398948,0.0840038,20,5,-0.0879933
2025-12-30,0.26082,0.237633,20,6,0.023187
2026-01-30,0.132682,0.225248,20,5,-0.0925662
2026-02-27,-0.13957,-0.14337,20,7,0.00380062
2026-03-31,0.38199,0.295256,20,9,0.086734
2026-04-30,0.0581034,0.314629,20,3,-0.256526
2026-05-29,-0.117897,0.0333088,20,6,-0.151206
2026-06-30,-0.325478,-0.276097,20,7,-0.0493811
2026-07-31,0.23663,0.0596479,20,5,0.176982
