entry_date,n,codes,names
2015-08-03,20,000070 000230 001060 001360 002020 002630 002790 006340 007570 008930 009240 009420 011000 011090 023590 047810 079160 090430 128940 192820,삼양홀딩스 일동홀딩스 JW중외제약 삼성제약 코오롱 오리엔트바이오 아모레퍼시픽홀딩스 대원전선 일양약품 한미사이언스 한샘 한올바이오파마 진원생명과학 에넥스 다우기술 한국항공우주 CJ CGV 아모레퍼시픽 한미약품 코스맥스
2015-09-01,20,000070 002630 003060 005690 007070 007570 008930 009240 009420 011090 017800 023590 025560 027410 039130 047810 079160 128940 161890 192820,삼양홀딩스 오리엔트바이오 에이프로젠바이오로직스 파미셀 GS리테일 일양약품 한미사이언스 한샘 한올바이오파마 에넥스 현대엘리베이터 다우기술 미래산업 BGF 하나투어 한국항공우주 CJ CGV 한미약품 한국콜마 코스맥스
2015-10-01,20,000070 002020 002630 003060 006650 007070 008930 009240 011000 011090 015860 017800 023590 025560 026960 027410 039130 047810 079160 128940,삼양홀딩스 코오롱 오리엔트바이오 에이프로젠바이오로직스 대한유화 GS리테일 한미사이언스 한샘 진원생명과학 에넥스 일진홀딩스 현대엘리베이터 다우기술 미래산업 동서 BGF 하나투어 한국항공우주 CJ CGV 한미약품
2015-11-02,20,002020 003060 004060 004710 004800 007070 007570 008930 009240 009830 010820 011170 023590 025560 027410 039130 068270 079160 128940 161890,코오롱 에이프로젠바이오로직스 SG세계물산 한솔테크닉스 효성 GS리테일 일양약품 한미사이언스 한샘 한화솔루션 퍼스텍 롯데케미칼 다우기술 미래산업 BGF 하나투어 셀트리온 CJ CGV 한미약품 한국콜마
2015-12-01,20,003060 004060 004710 004800 005110 007070 007570 008600 008700 008930 009240 010820 023590 025560 027410 047810 068270 079160 128940 192820,에이프로젠바이오로직스 SG세계물산 한솔테크닉스 효성 한창 GS리테일 일양약품 윌비스 아남전자 한미사이언스 한샘 퍼스텍 다우기술 미래산업 BGF 한국항공우주 셀트리온 CJ CGV 한미약품 코스맥스
2016-01-04,20,002630 003060 004060 004710 005110 007070 007570 008700 008930 009240 009830 010820 025560 027410 027740 047810 068270 071950 079160 128940,오리엔트바이오 에이프로젠바이오로직스 SG세계물산 한솔테크닉스 한창 GS리테일 일양약품 아남전자 한미사이언스 한샘 한화솔루션 퍼스텍 미래산업 BGF 마니커 한국항공우주 셀트리온 코아스 CJ CGV 한미약품
2016-02-01,20,001060 003060 004770 007070 007570 008930 009830 010820 025560 027410 027740 036420 047810 051900 051910 068270 079160 085310 128940 170900,JW중외제약 에이프로젠바이오로직스 써니전자 GS리테일 일양약품 한미사이언스 한화솔루션 퍼스텍 미래산업 BGF 마니커 콘텐트리중앙 한국항공우주 LG생활건강 LG화학 셀트리온 CJ CGV 엔케이 한미약품 동아에스티
2016-03-02,20,000100 002630 003060 004370 004770 007070 007570 008930 009830 011000 025560 027410 027740 031820 036420 079160 085310 128940 170900 185750,유한양행 오리엔트바이오 에이프로젠바이오로직스 농심 써니전자 GS리테일 일양약품 한미사이언스 한화솔루션 진원생명과학 미래산업 BGF 마니커 아이티센씨티에스 콘텐트리중앙 CJ CGV 엔케이 한미약품 동아에스티 종근당
2016-04-01,20,002630 003060 004370 004770 004800 007070 007310 008930 009420 009830 011000 011170 012450 017180 027410 079160 096770 128940 170900 185750,오리엔트바이오 에이프로젠바이오로직스 농심 써니전자 효성 GS리테일 오뚜기 한미사이언스 한올바이오파마 한화솔루션 진원생명과학 롯데케미칼 한화에어로스페이스 명문제약 BGF CJ CGV SK이노베이션 한미약품 동아에스티 종근당
2016-05-02,20,001520 002630 003060 003520 004370 004770 004800 006650 008930 009420 009830 011000 012450 017180 068270 069620 079160 096770 128940 185750,동양 오리엔트바이오 에이프로젠바이오로직스 영진약품 농심 써니전자 효성 대한유화 한미사이언스 한올바이오파마 한화솔루션 진원생명과학 한화에어로스페이스 명문제약 셀트리온 대웅제약 CJ CGV SK이노베이션 한미약품 종근당
2016-06-01,20,001520 002630 003060 003520 004370 004770 005110 008930 009420 009830 011000 012450 014910 015260 017180 027410 068270 093240 096770 128940,동양 오리엔트바이오 에이프로젠바이오로직스 영진약품 농심 써니전자 한창 한미사이언스 한올바이오파마 한화솔루션 진원생명과학 한화에어로스페이스 성문전자 에이엔피 명문제약 BGF 셀트리온 형지엘리트 SK이노베이션 한미약품
2016-07-01,20,001060 002620 002630 003060 003520 004720 004770 005110 008930 009420 012170 012280 013000 014910 015260 017180 018880 019170 093240 204320,JW중외제약 제일파마홀딩스 오리엔트바이오 에이프로젠바이오로직스 영진약품 팜젠사이언스 써니전자 한창 한미사이언스 한올바이오파마 아센디오 영화금속 세우글로벌 성문전자 에이엔피 명문제약 한온시스템 신풍제약 형지엘리트 HL만도
2016-08-01,20,001060 002620 002630 003520 004720 005110 005830 009420 012170 014910 017180 018880 019170 033780 051900 093240 093370 096770 128940 204320,JW중외제약 제일파마홀딩스 오리엔트바이오 영진약품 팜젠사이언스 한창 DB손해보험 한올바이오파마 아센디오 성문전자 명문제약 한온시스템 신풍제약 KT&G LG생활건강 형지엘리트 후성 SK이노베이션 한미약품 HL만도
2016-09-01,20,001060 002620 002900 003520 009420 009540 009830 012170 012450 017180 018880 034020 068270 073240 093240 093370 096770 120110 161390 204320,JW중외제약 제일파마홀딩스 TYM 영진약품 한올바이오파마 HD한국조선해양 한화솔루션 아센디오 한화에어로스페이스 명문제약 한온시스템 두산에너빌리티 셀트리온 금호타이어 형지엘리트 후성 SK이노베이션 코오롱인더 한국타이어앤테크놀로지 HL만도
2016-10-04,20,001060 002620 002900 003520 005110 005930 007540 009420 012170 012450 014910 015260 017180 018880 035420 068270 096770 118000 128940 204320,JW중외제약 제일파마홀딩스 TYM 영진약품 한창 삼성전자 샘표 한올바이오파마 아센디오 한화에어로스페이스 성문전자 에이엔피 명문제약 한온시스템 NAVER 셀트리온 SK이노베이션 메타케어 한미약품 HL만도
2016-11-01,20,001060 002140 002620 002900 003520 004720 004770 005110 007540 007610 012450 014910 015260 017040 018880 035420 036570 118000 128940 204320,JW중외제약 고려산업 제일파마홀딩스 TYM 영진약품 팜젠사이언스 써니전자 한창 샘표 선도전기 한화에어로스페이스 성문전자 에이엔피 광명전기 한온시스템 NAVER NC 메타케어 한미약품 HL만도
2016-12-01,20,000660 002140 002900 003520 004720 005110 005490 009540 012450 014910 015260 029780 035420 047400 069730 073240 093370 118000 155660 204320,SK하이닉스 고려산업 TYM 영진약품 팜젠사이언스 한창 POSCO홀딩스 HD한국조선해양 한화에어로스페이스 성문전자 에이엔피 삼성카드 NAVER 유니온머티리얼 DSR제강 금호타이어 후성 메타케어 DSR HL만도
2017-01-02,20,000660 000720 001060 002140 002620 002900 003520 004720 005490 005930 009540 011780 012690 014910 047400 069730 093370 118000 155660 204320,SK하이닉스 현대건설 JW중외제약 고려산업 제일파마홀딩스 TYM 영진약품 팜젠사이언스 POSCO홀딩스 삼성전자 HD한국조선해양 금호석유화학 모나리자 성문전자 유니온머티리얼 DSR제강 후성 메타케어 DSR HL만도
2017-02-01,20,000660 002140 002620 002900 003520 004720 005490 005930 006650 009540 011780 012690 014910 034020 036460 069730 086790 093370 105560 155660,SK하이닉스 고려산업 제일파마홀딩스 TYM 영진약품 팜젠사이언스 POSCO홀딩스 삼성전자 대한유화 HD한국조선해양 금호석유화학 모나리자 성문전자 두산에너빌리티 한국가스공사 DSR제강 하나금융지주 후성 KB금융 DSR
2017-03-02,20,000660 002140 002620 002900 003520 005490 005930 008600 009540 011780 012690 014910 025620 034020 036570 069730 086790 105560 155660 204320,SK하이닉스 고려산업 제일파마홀딩스 TYM 영진약품 POSCO홀딩스 삼성전자 윌비스 HD한국조선해양 금호석유화학 모나리자 성문전자 차AI헬스케어 두산에너빌리티 NC DSR제강 하나금융지주 KB금융 DSR HL만도
2017-04-03,19,000660 001380 002140 002900 003520 004720 005490 005930 011070 012690 013000 025620 028670 069730 086790 105560 118000 155660 204320,SK하이닉스 SG글로벌 고려산업 TYM 영진약품 팜젠사이언스 POSCO홀딩스 삼성전자 LG이노텍 모나리자 세우글로벌 차AI헬스케어 팬오션 DSR제강 하나금융지주 KB금융 메타케어 DSR HL만도
2017-05-02,20,000660 001380 002140 002900 003280 004720 004770 005930 006980 008700 011070 013000 025620 032640 069730 086790 105560 118000 155660 204320,SK하이닉스 SG글로벌 고려산업 TYM 흥아해운 팜젠사이언스 써니전자 삼성전자 우성 아남전자 LG이노텍 세우글로벌 차AI헬스케어 LG유플러스 DSR제강 하나금융지주 KB금융 메타케어 DSR HL만도
2017-06-01,20,000660 000720 002140 005930 005940 008700 009150 009540 010140 011070 025620 028050 028670 036570 069730 086790 105560 118000 155660 192080,SK하이닉스 현대건설 고려산업 삼성전자 NH투자증권 아남전자 삼성전기 HD한국조선해양 삼성중공업 LG이노텍 차AI헬스케어 삼성E&A 팬오션 NC DSR제강 하나금융지주 KB금융 메타케어 DSR 더블유게임즈
2017-07-03,20,000660 003490 005930 005940 006400 008700 009150 009540 010140 011070 028670 032640 036570 066570 069730 078930 086790 093370 105560 192080,SK하이닉스 대한항공 삼성전자 NH투자증권 삼성SDI 아남전자 삼성전기 HD한국조선해양 삼성중공업 LG이노텍 팬오션 LG유플러스 NC LG전자 DSR제강 GS 하나금융지주 후성 KB금융 더블유게임즈
2017-08-01,20,000660 003490 005930 005940 006400 008700 009150 009540 011070 020150 023530 032640 036570 066570 078930 086790 090460 105560 139480 180640,SK하이닉스 대한항공 삼성전자 NH투자증권 삼성SDI 아남전자 삼성전기 HD한국조선해양 LG이노텍 롯데에너지머티리얼즈 롯데쇼핑 LG유플러스 NC LG전자 GS 하나금융지주 비에이치 KB금융 이마트 한진칼
2017-09-01,20,000660 001820 003670 005070 005490 005880 008700 009150 010950 011070 020150 028670 071050 078930 086790 090460 093370 105560 139480 178920,SK하이닉스 삼화콘덴서 포스코퓨처엠 코스모신소재 POSCO홀딩스 대한해운 아남전자 삼성전기 S-Oil LG이노텍 롯데에너지머티리얼즈 팬오션 한국금융지주 GS 하나금융지주 비에이치 후성 KB금융 이마트 PI첨단소재
2017-10-10,20,000660 001820 003670 005070 005420 006400 009150 010950 011070 020150 028670 051910 066570 066970 071050 081000 086790 090460 093370 178920,SK하이닉스 삼화콘덴서 포스코퓨처엠 코스모신소재 코스모화학 삼성SDI 삼성전기 S-Oil LG이노텍 롯데에너지머티리얼즈 팬오션 LG화학 LG전자 엘앤에프 한국금융지주 일진다이아 하나금융지주 비에이치 후성 PI첨단소재
2017-11-01,20,000660 001820 003670 004410 005070 005930 006400 009150 011070 020150 035720 036570 051910 066570 066970 071050 081000 086790 090460 178920,SK하이닉스 삼화콘덴서 포스코퓨처엠 서울식품 코스모신소재 삼성전자 삼성SDI 삼성전기 LG이노텍 롯데에너지머티리얼즈 카카오 NC LG화학 LG전자 엘앤에프 한국금융지주 일진다이아 하나금융지주 비에이치 PI첨단소재
2017-12-01,20,000660 001820 003670 004410 005070 005930 006400 009150 011070 020150 035720 036570 051910 066570 066970 068270 081000 090460 178920 207940,SK하이닉스 삼화콘덴서 포스코퓨처엠 서울식품 코스모신소재 삼성전자 삼성SDI 삼성전기 LG이노텍 롯데에너지머티리얼즈 카카오 NC LG화학 LG전자 엘앤에프 셀트리온 일진다이아 비에이치 PI첨단소재 삼성바이오로직스
2018-01-02,20,000660 001820 003670 006400 007460 008930 009150 011070 020150 034230 035720 036570 066570 066970 068270 069620 090460 128940 178920 207940,SK하이닉스 삼화콘덴서 포스코퓨처엠 삼성SDI 에이프로젠 한미사이언스 삼성전기 LG이노텍 롯데에너지머티리얼즈 파라다이스 카카오 NC LG전자 엘앤에프 셀트리온 대웅제약 비에이치 한미약품 PI첨단소재 삼성바이오로직스
2018-02-01,20,001820 003230 003350 003670 005420 007460 008930 009150 009420 020150 066570 066970 068270 069620 074610 081000 090460 128940 178920 207940,삼화콘덴서 삼양식품 한국화장품제조 포스코퓨처엠 코스모화학 에이프로젠 한미사이언스 삼성전기 한올바이오파마 롯데에너지머티리얼즈 LG전자 엘앤에프 셀트리온 대웅제약 이엔플러스 일진다이아 비에이치 한미약품 PI첨단소재 삼성바이오로직스
2018-03-02,20,001820 002210 003670 005420 008700 008770 009150 009420 018260 020150 036420 066970 068270 069620 074610 081000 090460 128940 178920 207940,삼화콘덴서 동성제약 포스코퓨처엠 코스모화학 아남전자 호텔신라 삼성전기 한올바이오파마 삼성에스디에스 롯데에너지머티리얼즈 콘텐트리중앙 엘앤에프 셀트리온 대웅제약 이엔플러스 일진다이아 비에이치 한미약품 PI첨단소재 삼성바이오로직스
2018-04-02,20,001820 002210 003670 004170 005420 008770 009420 010060 017180 018260 020150 036420 066970 068270 069620 074610 081000 090460 178920 207940,삼화콘덴서 동성제약 포스코퓨처엠 신세계 코스모화학 호텔신라 한올바이오파마 OCI홀딩스 명문제약 삼성에스디에스 롯데에너지머티리얼즈 콘텐트리중앙 엘앤에프 셀트리온 대웅제약 이엔플러스 일진다이아 비에이치 PI첨단소재 삼성바이오로직스
2018-05-02,20,000520 001820 002210 003670 005690 006490 008770 009420 010060 017180 018260 020150 036420 066970 068270 069620 071050 074610 178920 207940,삼일제약 삼화콘덴서 동성제약 포스코퓨처엠 파미셀 프리티 호텔신라 한올바이오파마 OCI홀딩스 명문제약 삼성에스디에스 롯데에너지머티리얼즈 콘텐트리중앙 엘앤에프 셀트리온 대웅제약 한국금융지주 이엔플러스 PI첨단소재 삼성바이오로직스
2018-06-01,20,000520 000660 001260 001820 002210 002760 003670 004170 005690 006490 008770 009420 010060 017180 068270 069460 074610 090460 109070 207940,삼일제약 SK하이닉스 남광토건 삼화콘덴서 동성제약 보락 포스코퓨처엠 신세계 파미셀 프리티 호텔신라 한올바이오파마 OCI홀딩스 명문제약 셀트리온 대호에이엘 이엔플러스 비에이치 주성코퍼레이션 삼성바이오로직스
2018-07-02,20,001820 002210 002760 003010 003670 004170 005690 006340 006490 008770 008970 009420 011390 011760 068270 069460 074610 090460 109070 178920,삼화콘덴서 동성제약 보락 혜인 포스코퓨처엠 신세계 파미셀 대원전선 프리티 호텔신라 KBI동양철관 한올바이오파마 부산산업 현대코퍼레이션 셀트리온 대호에이엘 이엔플러스 비에이치 주성코퍼레이션 PI첨단소재
2018-08-01,20,001550 001820 002100 002210 002760 003670 004170 005690 006490 008770 008970 009470 011390 066970 068270 069460 081660 090080 178920 271560,조비 삼화콘덴서 경농 동성제약 보락 포스코퓨처엠 신세계 파미셀 프리티 호텔신라 KBI동양철관 삼화전기 부산산업 엘앤에프 셀트리온 대호에이엘 미스토홀딩스 평화산업 PI첨단소재 오리온
2018-09-03,20,001550 001820 002100 002210 002760 003580 003670 004170 005070 005690 006490 009470 011390 017800 031430 068270 069460 081660 090080 178920,조비 삼화콘덴서 경농 동성제약 보락 HLB글로벌 포스코퓨처엠 신세계 코스모신소재 파미셀 프리티 삼화전기 부산산업 현대엘리베이터 신세계인터내셔날 셀트리온 대호에이엘 미스토홀딩스 평화산업 PI첨단소재
2018-10-01,20,001550 001820 002100 002210 003580 003670 005070 005690 006360 006490 008770 008970 009420 009470 011390 017800 031430 036420 068270 081660,조비 삼화콘덴서 경농 동성제약 HLB글로벌 포스코퓨처엠 코스모신소재 파미셀 GS건설 프리티 호텔신라 KBI동양철관 한올바이오파마 삼화전기 부산산업 현대엘리베이터 신세계인터내셔날 콘텐트리중앙 셀트리온 미스토홀딩스
2018-11-01,20,000720 001550 001820 002100 002210 003670 004170 005690 006360 006490 008770 008970 009420 011390 017800 028050 031430 064350 068270 081660,현대건설 조비 삼화콘덴서 경농 동성제약 포스코퓨처엠 신세계 파미셀 GS건설 프리티 호텔신라 KBI동양철관 한올바이오파마 부산산업 현대엘리베이터 삼성E&A 신세계인터내셔날 현대로템 셀트리온 미스토홀딩스
2018-12-03,20,000720 001820 002210 003670 005690 006360 006490 008350 009420 009460 010040 011390 017800 020150 026890 028050 031430 032640 042660 081660,현대건설 삼화콘덴서 동성제약 포스코퓨처엠 파미셀 GS건설 프리티 남선알미늄 한올바이오파마 한창제지 한국내화 부산산업 현대엘리베이터 롯데에너지머티리얼즈 스틱인베스트먼트 삼성E&A 신세계인터내셔날 LG유플러스 한화오션 미스토홀딩스
2019-01-02,20,000720 001820 002210 003670 006360 006490 008350 009150 009420 009460 010040 011390 017800 026890 028050 031430 042660 064350 081660 180640,현대건설 삼화콘덴서 동성제약 포스코퓨처엠 GS건설 프리티 남선알미늄 삼성전기 한올바이오파마 한창제지 한국내화 부산산업 현대엘리베이터 스틱인베스트먼트 삼성E&A 신세계인터내셔날 한화오션 현대로템 미스토홀딩스 한진칼
2019-02-01,20,000720 000890 002100 002150 002210 002320 005690 006360 006490 008350 009460 010040 014160 017800 031430 042660 064350 081000 081660 180640,현대건설 보해양조 경농 도화엔지니어링 동성제약 한진 파미셀 GS건설 프리티 남선알미늄 한창제지 한국내화 대영포장 현대엘리베이터 신세계인터내셔날 한화오션 현대로템 일진다이아 미스토홀딩스 한진칼
2019-03-04,20,000720 000890 001820 002100 002150 002320 005690 006360 007110 008350 009460 010040 014160 017800 026890 042660 064350 068290 081000 081660,현대건설 보해양조 삼화콘덴서 경농 도화엔지니어링 한진 파미셀 GS건설 일신석재 남선알미늄 한창제지 한국내화 대영포장 현대엘리베이터 스틱인베스트먼트 한화오션 현대로템 삼성출판사 일진다이아 미스토홀딩스
2019-04-01,20,000720 000890 001820 002100 002150 003670 005110 005690 006360 007110 007700 008350 009460 010040 014160 017800 031430 064350 068290 081660,현대건설 보해양조 삼화콘덴서 경농 도화엔지니어링 포스코퓨처엠 한창 파미셀 GS건설 일신석재 F&F홀딩스 남선알미늄 한창제지 한국내화 대영포장 현대엘리베이터 신세계인터내셔날 현대로템 삼성출판사 미스토홀딩스
2019-05-02,20,000720 000810 002100 003670 005110 006360 007110 007700 008350 009460 010040 026890 031430 032640 035250 036570 064350 081660 119650 181710,현대건설 삼성화재 경농 포스코퓨처엠 한창 GS건설 일신석재 F&F홀딩스 남선알미늄 한창제지 한국내화 스틱인베스트먼트 신세계인터내셔날 LG유플러스 강원랜드 NC 현대로템 미스토홀딩스 KC코트렐 NHN
2019-06-03,20,000270 000890 002100 002210 003670 005110 006400 007700 008350 009460 011280 014130 020560 026890 027740 031430 036570 081660 119650 180640,기아 보해양조 경농 동성제약 포스코퓨처엠 한창 삼성SDI F&F홀딩스 남선알미늄 한창제지 태림포장 한익스프레스 아시아나항공 스틱인베스트먼트 마니커 신세계인터내셔날 NC 미스토홀딩스 KC코트렐 한진칼
2019-07-01,20,000210 000270 000890 000910 002700 003670 004270 008060 008350 009460 011280 014130 020560 026890 031430 036570 047400 081660 086280 180640,DL 기아 보해양조 유니온 신일전자 포스코퓨처엠 남성 대덕 남선알미늄 한창제지 태림포장 한익스프레스 아시아나항공 스틱인베스트먼트 신세계인터내셔날 NC 유니온머티리얼 미스토홀딩스 현대글로비스 한진칼
2019-08-01,20,000210 000270 000890 000970 002100 002140 004270 007110 008350 009460 010660 011280 012800 014990 020560 031820 081000 081660 097520 180640,DL 기아 보해양조 한국주철관 경농 고려산업 남성 일신석재 남선알미늄 한창제지 화천기계 태림포장 대창 인디에프 아시아나항공 아이티센씨티에스 일진다이아 미스토홀딩스 엠씨넥스 한진칼
2019-09-02,20,000210 000270 000970 002070 002700 004270 005360 007110 008350 010660 011280 012610 014990 020560 036570 081000 081660 084680 097520 180640,DL 기아 한국주철관 비비안 신일전자 남성 모나미 일신석재 남선알미늄 화천기계 태림포장 경인양행 인디에프 아시아나항공 NC 일진다이아 미스토홀딩스 이월드 엠씨넥스 한진칼
2019-10-01,20,000080 000270 002070 004270 004770 005110 005360 008350 010660 011280 012450 014990 020560 033250 036570 081000 081660 086280 097520 180640,하이트진로 기아 비비안 남성 써니전자 한창 모나미 남선알미늄 화천기계 태림포장 한화에어로스페이스 인디에프 아시아나항공 체시스 NC 일진다이아 미스토홀딩스 현대글로비스 엠씨넥스 한진칼
2019-11-01,20,000080 000270 002070 002140 004270 004770 005110 005360 007110 008350 010660 011280 012450 012610 014580 027740 033250 084680 086280 097520,하이트진로 기아 비비안 고려산업 남성 써니전자 한창 모나미 일신석재 남선알미늄 화천기계 태림포장 한화에어로스페이스 경인양행 태경비케이 마니커 체시스 이월드 현대글로비스 엠씨넥스
2019-12-02,20,000080 000270 001360 002140 002790 004770 005110 007110 008350 009460 010660 012330 014580 033250 035420 035720 068290 084680 090460 097520,하이트진로 기아 삼성제약 고려산업 아모레퍼시픽홀딩스 써니전자 한창 일신석재 남선알미늄 한창제지 화천기계 현대모비스 태경비케이 체시스 NAVER 카카오 삼성출판사 이월드 비에이치 엠씨넥스
2020-01-02,20,000080 000270 000660 000990 001360 003580 004770 005110 005930 007700 010660 011070 021050 035420 035720 068290 074610 084680 097520 267850,하이트진로 기아 SK하이닉스 DB하이텍 삼성제약 HLB글로벌 써니전자 한창 삼성전자 F&F홀딩스 화천기계 LG이노텍 서원 NAVER 카카오 삼성출판사 이엔플러스 이월드 엠씨넥스 아시아나IDT
2020-02-03,20,000080 000660 000990 001360 004770 005110 007700 010660 011070 012800 017550 021050 035420 035720 044380 074610 084680 090460 097520 267850,하이트진로 SK하이닉스 DB하이텍 삼성제약 써니전자 한창 F&F홀딩스 화천기계 LG이노텍 대창 수산세보틱스 서원 NAVER 카카오 주연테크 이엔플러스 이월드 비에이치 엠씨넥스 아시아나IDT
2020-03-02,20,000080 000990 001360 002720 004770 008350 010660 011000 011070 011790 012690 012800 021050 035420 035720 036570 044380 068290 097520 180640,하이트진로 DB하이텍 삼성제약 국제약품 써니전자 남선알미늄 화천기계 진원생명과학 LG이노텍 SKC 모나리자 대창 서원 NAVER 카카오 NC 주연테크 삼성출판사 엠씨넥스 한진칼
2020-04-01,20,000080 000660 000990 002720 004770 006400 008350 009150 009460 011070 011150 011790 020150 021050 035420 035720 036570 097520 180640 207940,하이트진로 SK하이닉스 DB하이텍 국제약품 써니전자 삼성SDI 남선알미늄 삼성전기 한창제지 LG이노텍 CJ씨푸드 SKC 롯데에너지머티리얼즈 서원 NAVER 카카오 NC 엠씨넥스 한진칼 삼성바이오로직스
2020-05-04,20,000080 000990 005690 007570 008350 009460 011000 012690 019170 021050 023150 035420 035720 036570 068290 084680 097520 180640 207940 285130,하이트진로 DB하이텍 파미셀 일양약품 남선알미늄 한창제지 진원생명과학 모나리자 신풍제약 서원 MH에탄올 NAVER 카카오 NC 삼성출판사 이월드 엠씨넥스 한진칼 삼성바이오로직스 SK케미칼
2020-06-01,20,000990 002720 003000 005690 011000 011070 011150 011790 012690 019170 021050 026890 035420 035720 068290 084680 097520 180640 207940 271560,DB하이텍 국제약품 부광약품 파미셀 진원생명과학 LG이노텍 CJ씨푸드 SKC 모나리자 신풍제약 서원 스틱인베스트먼트 NAVER 카카오 삼성출판사 이월드 엠씨넥스 한진칼 삼성바이오로직스 오리온
2020-07-01,20,000080 000990 002720 003060 005360 005690 006400 007570 008350 011000 011790 012690 019170 026890 035420 035720 036570 180640 207940 285130,하이트진로 DB하이텍 국제약품 에이프로젠바이오로직스 모나미 파미셀 삼성SDI 일양약품 남선알미늄 진원생명과학 SKC 모나리자 신풍제약 스틱인베스트먼트 NAVER 카카오 NC 한진칼 삼성바이오로직스 SK케미칼
2020-08-03,20,000080 000990 002720 003000 003060 003090 005690 007570 007860 008350 011000 019170 026890 035420 035720 036570 068270 180640 207940 285130,하이트진로 DB하이텍 국제약품 부광약품 에이프로젠바이오로직스 대웅 파미셀 일양약품 서연 남선알미늄 진원생명과학 신풍제약 스틱인베스트먼트 NAVER 카카오 NC 셀트리온 한진칼 삼성바이오로직스 SK케미칼
2020-09-01,20,000020 000990 002720 003000 005690 006120 006280 007570 007860 011000 019170 026890 035420 035720 037270 068270 112610 180640 207940 285130,동화약품 DB하이텍 국제약품 부광약품 파미셀 SK디스커버리 녹십자 일양약품 서연 진원생명과학 신풍제약 스틱인베스트먼트 NAVER 카카오 YG PLUS 셀트리온 씨에스윈드 한진칼 삼성바이오로직스 SK케미칼
2020-10-05,20,000020 002720 003000 004720 005690 006120 007570 007860 011000 019170 026890 033270 035720 037270 051910 100090 112610 207940 214330 285130,동화약품 국제약품 부광약품 팜젠사이언스 파미셀 SK디스커버리 일양약품 서연 진원생명과학 신풍제약 스틱인베스트먼트 유나이티드제약 카카오 YG PLUS LG화학 SK오션플랜트 씨에스윈드 삼성바이오로직스 금호에이치티 SK케미칼
2020-11-02,20,000020 004720 006120 007570 007860 009830 011000 011930 019170 026890 033270 035720 037270 051910 100090 112610 192650 285130 336260 336370,동화약품 팜젠사이언스 SK디스커버리 일양약품 서연 한화솔루션 진원생명과학 신성이엔지 신풍제약 스틱인베스트먼트 유나이티드제약 카카오 YG PLUS LG화학 SK오션플랜트 씨에스윈드 드림텍 SK케미칼 두산퓨얼셀 솔루스첨단소재
2020-12-01,20,000020 001470 005690 006280 007570 007860 009830 011000 011200 011930 019170 033270 034020 035720 037270 100090 112610 180640 285130 336260,동화약품 삼부토건 파미셀 녹십자 일양약품 서연 한화솔루션 진원생명과학 HMM 신성이엔지 신풍제약 유나이티드제약 두산에너빌리티 카카오 YG PLUS SK오션플랜트 씨에스윈드 한진칼 SK케미칼 두산퓨얼셀
2021-01-04,20,001440 001470 004830 006280 006890 007570 007860 011000 011200 011930 019170 033270 034020 051910 066970 092220 112610 285130 336260 336370,대한전선 삼부토건 덕성 녹십자 태경케미컬 일양약품 서연 진원생명과학 HMM 신성이엔지 신풍제약 유나이티드제약 두산에너빌리티 LG화학 엘앤에프 KEC 씨에스윈드 SK케미칼 두산퓨얼셀 솔루스첨단소재
2021-02-01,20,003090 006280 006890 007570 009830 011000 011200 011930 019170 033270 035720 051910 063160 066970 083420 092220 112610 185750 285130 336260,대웅 녹십자 태경케미컬 일양약품 한화솔루션 진원생명과학 HMM 신성이엔지 신풍제약 유나이티드제약 카카오 LG화학 종근당바이오 엘앤에프 그린케미칼 KEC 씨에스윈드 종근당 SK케미칼 두산퓨얼셀
2021-03-02,20,003090 004140 004490 005250 006280 008930 009830 011000 011200 011780 019170 033270 034020 066570 066970 083420 092220 112610 285130 336260,대웅 동방 세방전지 녹십자홀딩스 녹십자 한미사이언스 한화솔루션 진원생명과학 HMM 금호석유화학 신풍제약 유나이티드제약 두산에너빌리티 LG전자 엘앤에프 그린케미칼 KEC 씨에스윈드 SK케미칼 두산퓨얼셀
2021-04-01,20,000910 003090 003670 004140 004830 006650 007860 009070 009830 010060 011200 019170 034020 047400 066970 112610 285130 298020 298050 336260,유니온 대웅 포스코퓨처엠 동방 덕성 대한유화 서연 KCTC 한화솔루션 OCI홀딩스 HMM 신풍제약 두산에너빌리티 유니온머티리얼 엘앤에프 씨에스윈드 SK케미칼 효성티앤씨 HS효성첨단소재 두산퓨얼셀
2021-05-03,20,001230 003670 004140 004830 007860 009830 010060 011200 011780 017550 019170 034020 042700 066570 066970 112610 285130 298020 298050 336260,동국홀딩스 포스코퓨처엠 동방 덕성 서연 한화솔루션 OCI홀딩스 HMM 금호석유화학 수산세보틱스 신풍제약 두산에너빌리티 한미반도체 LG전자 엘앤에프 씨에스윈드 SK케미칼 효성티앤씨 HS효성첨단소재 두산퓨얼셀
2021-06-01,20,001230 003580 004830 007860 009830 010060 011200 011780 017550 019170 034020 042700 058430 066970 112610 285130 298000 298020 298050 336260,동국홀딩스 HLB글로벌 덕성 서연 한화솔루션 OCI홀딩스 HMM 금호석유화학 수산세보틱스 신풍제약 두산에너빌리티 한미반도체 포스코스틸리온 엘앤에프 씨에스윈드 SK케미칼 효성화학 효성티앤씨 HS효성첨단소재 두산퓨얼셀
2021-07-01,20,001230 001440 003530 004140 004830 007860 009070 010060 011200 011780 017550 034020 042700 052690 058430 066970 112610 204320 298020 298050,동국홀딩스 대한전선 한화투자증권 동방 덕성 서연 KCTC OCI홀딩스 HMM 금호석유화학 수산세보틱스 두산에너빌리티 한미반도체 한전기술 포스코스틸리온 엘앤에프 씨에스윈드 HL만도 효성티앤씨 HS효성첨단소재
2021-08-02,20,001230 001440 001470 003580 004830 006340 011000 011090 011200 015020 034020 042700 052690 058430 066970 102460 130660 204320 298020 298050,동국홀딩스 대한전선 삼부토건 HLB글로벌 덕성 대원전선 진원생명과학 에넥스 HMM 이스타코 두산에너빌리티 한미반도체 한전기술 포스코스틸리온 엘앤에프 이연제약 한전산업 HL만도 효성티앤씨 HS효성첨단소재
2021-09-01,20,001440 003580 004830 005070 006340 011200 011210 011700 014160 014830 015020 034020 047040 052690 066970 102460 120110 130660 298020 298050,대한전선 HLB글로벌 덕성 코스모신소재 대원전선 HMM 현대위아 한신기계 대영포장 유니드 이스타코 두산에너빌리티 대우건설 한전기술 엘앤에프 이연제약 코오롱인더 한전산업 효성티앤씨 HS효성첨단소재
2021-10-01,20,001440 003490 003580 004830 005070 006110 011200 011210 013360 014160 014830 018470 028670 052690 066970 102460 105840 130660 298020 298050,대한전선 대한항공 HLB글로벌 덕성 코스모신소재 삼아알미늄 HMM 현대위아 일성건설 대영포장 유니드 조일알미늄 팬오션 한전기술 엘앤에프 이연제약 우진 한전산업 효성티앤씨 HS효성첨단소재
2021-11-01,20,001440 002380 003580 004830 005070 006110 009270 010060 011200 011790 013360 014830 018470 052690 066970 102460 120110 130660 298020 298050,대한전선 KCC HLB글로벌 덕성 코스모신소재 삼아알미늄 신원 OCI홀딩스 HMM SKC 일성건설 유니드 조일알미늄 한전기술 엘앤에프 이연제약 코오롱인더 한전산업 효성티앤씨 HS효성첨단소재
2021-12-01,20,003530 003580 004830 005070 006110 009270 011500 011700 013360 018470 020150 024890 036420 052690 066970 108320 120110 130660 298020 298050,한화투자증권 HLB글로벌 덕성 코스모신소재 삼아알미늄 신원 한농화성 한신기계 일성건설 조일알미늄 롯데에너지머티리얼즈 대원화성 콘텐트리중앙 한전기술 엘앤에프 LX세미콘 코오롱인더 한전산업 효성티앤씨 HS효성첨단소재
2022-01-03,20,003530 003580 004250 005070 011200 011700 011790 013360 020150 024890 037270 052690 066970 093370 108320 120110 130660 298020 298050 352820,한화투자증권 HLB글로벌 NPC 코스모신소재 HMM 한신기계 SKC 일성건설 롯데에너지머티리얼즈 대원화성 YG PLUS 한전기술 엘앤에프 후성 LX세미콘 코오롱인더 한전산업 효성티앤씨 HS효성첨단소재 하이브
2022-02-03,20,003530 003580 004250 004830 004980 005070 007810 011070 011200 020150 024890 028050 042700 052690 066970 093370 108320 298020 298050 352820,한화투자증권 HLB글로벌 NPC 덕성 성신양회 코스모신소재 코리아써키트 LG이노텍 HMM 롯데에너지머티리얼즈 대원화성 삼성E&A 한미반도체 한전기술 엘앤에프 후성 LX세미콘 효성티앤씨 HS효성첨단소재 하이브
2022-03-02,20,002380 003530 003580 004090 004250 004980 007810 010820 013570 028050 034020 052690 066970 093370 108320 117580 138040 249420 298050 336370,KCC 한화투자증권 HLB글로벌 한국석유 NPC 성신양회 코리아써키트 퍼스텍 디와이 삼성E&A 두산에너빌리티 한전기술 엘앤에프 후성 LX세미콘 대성에너지 메리츠금융지주 일동제약 HS효성첨단소재 솔루스첨단소재
2022-04-01,20,001440 002380 003580 004090 007810 010820 011000 011070 011700 013360 028050 034020 052690 066970 079550 093370 117580 138040 249420 353200,대한전선 KCC HLB글로벌 한국석유 코리아써키트 퍼스텍 진원생명과학 LG이노텍 한신기계 일성건설 삼성E&A 두산에너빌리티 한전기술 엘앤에프 LIG디펜스앤에어로스페이스 후성 대성에너지 메리츠금융지주 일동제약 대덕전자
2022-05-02,20,000230 001440 004250 010820 011070 011700 013360 013570 028050 034020 052690 066970 071090 079550 093370 108320 117580 249420 316140 353200,일동홀딩스 대한전선 NPC 퍼스텍 LG이노텍 한신기계 일성건설 디와이 삼성E&A 두산에너빌리티 한전기술 엘앤에프 하이스틸 LIG디펜스앤에어로스페이스 후성 LX세미콘 대성에너지 일동제약 우리금융지주 대덕전자
2022-06-02,20,000230 001250 002140 004250 005070 006880 011070 011700 013360 066970 071090 079550 090460 093370 105840 117580 195870 249420 353200 383220,일동홀딩스 GS글로벌 고려산업 NPC 코스모신소재 신송홀딩스 LG이노텍 한신기계 일성건설 엘앤에프 하이스틸 LIG디펜스앤에어로스페이스 비에이치 후성 우진 대성에너지 해성디에스 일동제약 대덕전자 F&F
2022-07-01,20,000230 001790 002140 004250 005030 005070 006880 008040 010820 011070 011700 047810 066970 079550 093370 105840 117580 195870 249420 353200,일동홀딩스 대한제당 고려산업 NPC 부산주공 코스모신소재 신송홀딩스 사조동아원 퍼스텍 LG이노텍 한신기계 한국항공우주 엘앤에프 LIG디펜스앤에어로스페이스 후성 우진 대성에너지 해성디에스 일동제약 대덕전자
2022-08-01,20,000230 001250 002140 002900 005030 005070 006880 010060 010820 011070 011700 047810 052690 066970 079550 093370 117580 195870 249420 353200,일동홀딩스 GS글로벌 고려산업 TYM 부산주공 코스모신소재 신송홀딩스 OCI홀딩스 퍼스텍 LG이노텍 한신기계 한국항공우주 한전기술 엘앤에프 LIG디펜스앤에어로스페이스 후성 대성에너지 해성디에스 일동제약 대덕전자
2022-09-01,20,000230 001250 001570 002140 006880 010820 011070 011700 017960 047810 052690 066970 079550 090460 105840 117580 120030 249420 322000 353200,일동홀딩스 GS글로벌 금양 고려산업 신송홀딩스 퍼스텍 LG이노텍 한신기계 한국카본 한국항공우주 한전기술 엘앤에프 LIG디펜스앤에어로스페이스 비에이치 우진 대성에너지 조선선재 일동제약 HD현대에너지솔루션 대덕전자
2022-10-04,20,000230 001120 001250 001570 002140 005420 011070 011700 012450 047810 052690 053690 066970 079550 090460 117580 249420 322000 329180 353200,일동홀딩스 LX인터내셔널 GS글로벌 금양 고려산업 코스모화학 LG이노텍 한신기계 한화에어로스페이스 한국항공우주 한전기술 한미글로벌 엘앤에프 LIG디펜스앤에어로스페이스 비에이치 대성에너지 일동제약 HD현대에너지솔루션 HD현대중공업 대덕전자
2022-11-01,20,000230 001120 001570 002140 005070 005420 005950 006220 010660 011070 011700 012450 047810 053690 079550 090460 249420 322000 329180 353200,일동홀딩스 LX인터내셔널 금양 고려산업 코스모신소재 코스모화학 이수화학 제주은행 화천기계 LG이노텍 한신기계 한화에어로스페이스 한국항공우주 한미글로벌 LIG디펜스앤에어로스페이스 비에이치 일동제약 HD현대에너지솔루션 HD현대중공업 대덕전자
2022-12-01,20,000230 001120 001570 002140 003670 005070 005420 005950 006220 009830 010660 011700 012320 012450 047810 053690 074610 079550 249420 322000,일동홀딩스 LX인터내셔널 금양 고려산업 포스코퓨처엠 코스모신소재 코스모화학 이수화학 제주은행 한화솔루션 화천기계 한신기계 경동인베스트 한화에어로스페이스 한국항공우주 한미글로벌 이엔플러스 LIG디펜스앤에어로스페이스 일동제약 HD현대에너지솔루션
2023-01-02,20,000230 001570 003670 005420 005950 006220 009830 010660 011700 011810 012320 012450 014990 047810 053690 064350 074610 079550 267270 322000,일동홀딩스 금양 포스코퓨처엠 코스모화학 이수화학 제주은행 한화솔루션 화천기계 한신기계 STX 경동인베스트 한화에어로스페이스 인디에프 한국항공우주 한미글로벌 현대로템 이엔플러스 LIG디펜스앤에어로스페이스 HD건설기계 HD현대에너지솔루션
2023-02-01,20,000230 001570 002900 003670 004690 005420 005950 006110 006220 011810 012320 012450 014990 047810 053690 064350 079550 267270 271560 322000,일동홀딩스 금양 TYM 포스코퓨처엠 삼천리 코스모화학 이수화학 삼아알미늄 제주은행 STX 경동인베스트 한화에어로스페이스 인디에프 한국항공우주 한미글로벌 현대로템 LIG디펜스앤에어로스페이스 HD건설기계 오리온 HD현대에너지솔루션
2023-03-02,20,001570 002900 003010 003670 004690 005070 005420 005950 006110 006220 008870 012450 047810 053690 058850 064350 074610 079550 112610 267270,금양 TYM 혜인 포스코퓨처엠 삼천리 코스모신소재 코스모화학 이수화학 삼아알미늄 제주은행 금비 한화에어로스페이스 한국항공우주 한미글로벌 KTcs 현대로템 이엔플러스 LIG디펜스앤에어로스페이스 씨에스윈드 HD건설기계
2023-04-03,20,001570 003670 005070 005420 005950 006110 006220 006400 007660 009830 012450 014580 051910 053690 058850 064350 066970 138040 322000 373220,금양 포스코퓨처엠 코스모신소재 코스모화학 이수화학 삼아알미늄 제주은행 삼성SDI 이수페타시스 한화솔루션 한화에어로스페이스 태경비케이 LG화학 한미글로벌 KTcs 현대로템 엘앤에프 메리츠금융지주 HD현대에너지솔루션 LG에너지솔루션
2023-05-02,20,001570 002710 003670 004360 004690 005070 005420 006110 006220 010690 012030 012320 012450 014580 016710 017390 022100 051910 053690 074610,금양 TCC스틸 포스코퓨처엠 세방 삼천리 코스모신소재 코스모화학 삼아알미늄 제주은행 화신 DB 경동인베스트 한화에어로스페이스 태경비케이 대성홀딩스 서울가스 포스코DX LG화학 한미글로벌 이엔플러스
2023-06-01,20,001570 002710 003670 005070 005420 005950 006110 006220 010690 011230 011810 012030 012320 012450 022100 053690 064350 074610 161000 200880,금양 TCC스틸 포스코퓨처엠 코스모신소재 코스모화학 이수화학 삼아알미늄 제주은행 화신 삼화전자 STX DB 경동인베스트 한화에어로스페이스 포스코DX 한미글로벌 현대로템 이엔플러스 애경케미칼 서연이화
2023-07-03,20,001570 002710 003670 005070 005420 005950 006110 007660 011230 011810 012030 012450 022100 024900 042700 047400 053690 074610 161000 200880,금양 TCC스틸 포스코퓨처엠 코스모신소재 코스모화학 이수화학 삼아알미늄 이수페타시스 삼화전자 STX DB 한화에어로스페이스 포스코DX 디와이덕양 한미반도체 유니온머티리얼 한미글로벌 이엔플러스 애경케미칼 서연이화
2023-08-01,20,001570 002710 003670 005070 005420 005950 006110 006740 007660 011230 011810 012450 022100 024900 042700 047050 074610 161000 200880 267260,금양 TCC스틸 포스코퓨처엠 코스모신소재 코스모화학 이수화학 삼아알미늄 블루산업개발 이수페타시스 삼화전자 STX 한화에어로스페이스 포스코DX 디와이덕양 한미반도체 포스코인터내셔널 이엔플러스 애경케미칼 서연이화 HD현대일렉트릭
2023-09-01,20,000430 001470 001570 002710 003670 005070 005420 005490 005950 006110 006740 007660 022100 042660 042700 047050 058430 074610 161000 267260,대원강업 삼부토건 금양 TCC스틸 포스코퓨처엠 코스모신소재 코스모화학 POSCO홀딩스 이수화학 삼아알미늄 블루산업개발 이수페타시스 포스코DX 한화오션 한미반도체 포스코인터내셔널 포스코스틸리온 이엔플러스 애경케미칼 HD현대일렉트릭
2023-10-04,20,000430 001060 001470 001570 002710 003670 005070 005490 006740 007660 010120 011810 022100 042660 042700 047050 138040 192820 267260 298040,대원강업 JW중외제약 삼부토건 금양 TCC스틸 포스코퓨처엠 코스모신소재 POSCO홀딩스 블루산업개발 이수페타시스 LS ELECTRIC STX 포스코DX 한화오션 한미반도체 포스코인터내셔널 메리츠금융지주 코스맥스 HD현대일렉트릭 효성중공업
2023-11-01,20,001060 001470 001570 002710 003670 005070 005490 006740 007660 011810 022100 042660 042700 047050 058430 138040 192820 267260 298040 352820,JW중외제약 삼부토건 금양 TCC스틸 포스코퓨처엠 코스모신소재 POSCO홀딩스 블루산업개발 이수페타시스 STX 포스코DX 한화오션 한미반도체 포스코인터내셔널 포스코스틸리온 메리츠금융지주 코스맥스 HD현대일렉트릭 효성중공업 하이브
2023-12-01,20,001470 001570 002710 004090 005070 006110 007660 009420 010100 012450 022100 042700 047050 058430 058850 192820 229640 248070 267260 352820,삼부토건 금양 TCC스틸 한국석유 코스모신소재 삼아알미늄 이수페타시스 한올바이오파마 한국무브넥스 한화에어로스페이스 포스코DX 한미반도체 포스코인터내셔널 포스코스틸리온 KTcs 코스맥스 LS에코에너지 솔루엠 HD현대일렉트릭 하이브
2024-01-02,20,000660 001570 002710 003670 004830 005070 005490 006110 007660 009420 010140 011810 012450 022100 042700 047050 229640 267260 298040 307950,SK하이닉스 금양 TCC스틸 포스코퓨처엠 덕성 코스모신소재 POSCO홀딩스 삼아알미늄 이수페타시스 한올바이오파마 삼성중공업 STX 한화에어로스페이스 포스코DX 한미반도체 포스코인터내셔널 LS에코에너지 HD현대일렉트릭 효성중공업 현대오토에버
2024-02-01,20,000660 000680 001570 003280 003670 005070 007660 009420 011810 012450 022100 042700 047050 079550 084690 185750 229640 267260 298040 307950,SK하이닉스 LS네트웍스 금양 흥아해운 포스코퓨처엠 코스모신소재 이수페타시스 한올바이오파마 STX 한화에어로스페이스 포스코DX 한미반도체 포스코인터내셔널 LIG디펜스앤에어로스페이스 대상홀딩스 종근당 LS에코에너지 HD현대일렉트릭 효성중공업 현대오토에버
2024-03-04,20,000660 001570 002710 003280 005070 007660 009420 011810 012450 022100 042700 047050 077500 079550 084680 138040 200880 229640 267260 286940,SK하이닉스 금양 TCC스틸 흥아해운 코스모신소재 이수페타시스 한올바이오파마 STX 한화에어로스페이스 포스코DX 한미반도체 포스코인터내셔널 유니퀘스트 LIG디펜스앤에어로스페이스 이월드 메리츠금융지주 서연이화 LS에코에너지 HD현대일렉트릭 롯데이노베이트
2024-04-01,20,000660 000680 001470 002710 003280 004830 007660 009420 010660 012450 022100 042700 047050 079550 103590 138040 200880 267260 298040 402340,SK하이닉스 LS네트웍스 삼부토건 TCC스틸 흥아해운 덕성 이수페타시스 한올바이오파마 화천기계 한화에어로스페이스 포스코DX 한미반도체 포스코인터내셔널 LIG디펜스앤에어로스페이스 일진전기 메리츠금융지주 서연이화 HD현대일렉트릭 효성중공업 SK스퀘어
2024-05-02,20,000500 000660 001570 003280 004830 007660 009420 010660 012170 012450 022100 042700 047050 079550 103590 138040 229640 267260 298040 402340,가온전선 SK하이닉스 금양 흥아해운 덕성 이수페타시스 한올바이오파마 화천기계 아센디오 한화에어로스페이스 포스코DX 한미반도체 포스코인터내셔널 LIG디펜스앤에어로스페이스 일진전기 메리츠금융지주 LS에코에너지 HD현대일렉트릭 효성중공업 SK스퀘어
2024-06-03,20,000500 000660 003160 003230 003280 004830 006340 007660 009470 010120 012450 022100 042700 079550 103590 138040 229640 267260 298040 402340,가온전선 SK하이닉스 디아이 삼양식품 흥아해운 덕성 대원전선 이수페타시스 삼화전기 LS ELECTRIC 한화에어로스페이스 포스코DX 한미반도체 LIG디펜스앤에어로스페이스 일진전기 메리츠금융지주 LS에코에너지 HD현대일렉트릭 효성중공업 SK스퀘어
2024-07-01,20,000150 000500 000660 003160 003230 005180 006260 006340 007660 009470 010120 022100 042700 079550 090430 103590 192820 229640 267260 298040,두산 가온전선 SK하이닉스 디아이 삼양식품 빙그레 LS 대원전선 이수페타시스 삼화전기 LS ELECTRIC 포스코DX 한미반도체 LIG디펜스앤에어로스페이스 아모레퍼시픽 일진전기 코스맥스 LS에코에너지 HD현대일렉트릭 효성중공업
2024-08-01,20,000150 000500 000660 003160 003230 003960 004090 005180 006340 009470 010120 012450 042700 079550 103590 192820 229640 267260 298040 402340,두산 가온전선 SK하이닉스 디아이 삼양식품 사조대림 한국석유 빙그레 대원전선 삼화전기 LS ELECTRIC 한화에어로스페이스 한미반도체 LIG디펜스앤에어로스페이스 일진전기 코스맥스 LS에코에너지 HD현대일렉트릭 효성중공업 SK스퀘어
2024-09-02,20,003160 003230 003960 004090 006340 009540 010120 036460 042700 055550 071970 079550 103590 130660 138040 229640 259960 267260 329180 402340,디아이 삼양식품 사조대림 한국석유 대원전선 HD한국조선해양 LS ELECTRIC 한국가스공사 한미반도체 신한지주 HD현대마린엔진 LIG디펜스앤에어로스페이스 일진전기 한전산업 메리츠금융지주 LS에코에너지 크래프톤 HD현대일렉트릭 HD현대중공업 SK스퀘어
2024-10-02,20,001250 003160 003230 004090 006340 010120 012450 036460 042700 055550 064350 071970 079550 103140 103590 138040 259960 267260 298040 402340,GS글로벌 디아이 삼양식품 한국석유 대원전선 LS ELECTRIC 한화에어로스페이스 한국가스공사 한미반도체 신한지주 현대로템 HD현대마린엔진 LIG디펜스앤에어로스페이스 풍산 일진전기 메리츠금융지주 크래프톤 HD현대일렉트릭 효성중공업 SK스퀘어
2024-11-01,20,000100 000150 003160 003230 009540 010120 011790 012450 036460 042700 064350 079550 103140 130660 138040 259960 267260 294870 298040 402340,유한양행 두산 디아이 삼양식품 HD한국조선해양 LS ELECTRIC SKC 한화에어로스페이스 한국가스공사 한미반도체 현대로템 LIG디펜스앤에어로스페이스 풍산 한전산업 메리츠금융지주 크래프톤 HD현대일렉트릭 IPARK현대산업개발 효성중공업 SK스퀘어
2024-12-02,20,000100 000150 003230 009540 010120 010130 012450 036460 064350 079550 103140 103590 105560 130660 138040 259960 267260 298040 402340 450080,유한양행 두산 삼양식품 HD한국조선해양 LS ELECTRIC 고려아연 한화에어로스페이스 한국가스공사 현대로템 LIG디펜스앤에어로스페이스 풍산 일진전기 KB금융 한전산업 메리츠금융지주 크래프톤 HD현대일렉트릭 효성중공업 SK스퀘어 에코프로머티
2025-01-02,20,000100 000150 001380 003230 006340 007110 009540 010120 010130 012450 026960 036460 064350 082740 103590 105560 138040 267260 298040 329180,유한양행 두산 SG글로벌 삼양식품 대원전선 일신석재 HD한국조선해양 LS ELECTRIC 고려아연 한화에어로스페이스 동서 한국가스공사 현대로템 한화엔진 일진전기 KB금융 메리츠금융지주 HD현대일렉트릭 효성중공업 HD현대중공업
2025-02-03,20,000100 000150 000500 001380 002630 003230 006340 007110 009540 010120 010130 012450 013360 064350 071970 082740 103590 267260 298040 329180,유한양행 두산 가온전선 SG글로벌 오리엔트바이오 삼양식품 대원전선 일신석재 HD한국조선해양 LS ELECTRIC 고려아연 한화에어로스페이스 일성건설 현대로템 HD현대마린엔진 한화엔진 일진전기 HD현대일렉트릭 효성중공업 HD현대중공업
2025-03-04,20,000100 000150 001380 002630 003230 006340 007110 009540 010120 012450 013360 042660 064350 071970 082740 103590 229640 267260 298040 329180,유한양행 두산 SG글로벌 오리엔트바이오 삼양식품 대원전선 일신석재 HD한국조선해양 LS ELECTRIC 한화에어로스페이스 일성건설 한화오션 현대로템 HD현대마린엔진 한화엔진 일진전기 LS에코에너지 HD현대일렉트릭 효성중공업 HD현대중공업
2025-04-01,20,000150 002630 003230 006340 006660 009540 010120 012450 042660 064350 071970 077970 079550 082740 103590 229640 267260 272210 298040 329180,두산 오리엔트바이오 삼양식품 대원전선 삼성공조 HD한국조선해양 LS ELECTRIC 한화에어로스페이스 한화오션 현대로템 HD현대마린엔진 STX엔진 LIG디펜스앤에어로스페이스 한화엔진 일진전기 LS에코에너지 HD현대일렉트릭 한화시스템 효성중공업 HD현대중공업
2025-05-02,20,000150 000880 002630 003230 006660 009540 010770 012450 034020 042660 047810 064350 071970 077970 082740 092790 097230 138040 272210 329180,두산 한화 오리엔트바이오 삼양식품 삼성공조 HD한국조선해양 평화홀딩스 한화에어로스페이스 두산에너빌리티 한화오션 한국항공우주 현대로템 HD현대마린엔진 STX엔진 한화엔진 넥스틸 HJ중공업 메리츠금융지주 한화시스템 HD현대중공업
2025-06-02,20,000150 000880 002630 003230 006660 008970 009540 010770 012450 013580 034020 042660 064350 071970 079550 082740 092790 097230 272210 329180,두산 한화 오리엔트바이오 삼양식품 삼성공조 KBI동양철관 HD한국조선해양 평화홀딩스 한화에어로스페이스 계룡건설 두산에너빌리티 한화오션 현대로템 HD현대마린엔진 LIG디펜스앤에어로스페이스 한화엔진 넥스틸 HJ중공업 한화시스템 HD현대중공업
2025-07-01,20,000150 000720 000880 002630 003230 006800 007110 009540 010770 012450 017800 034020 042660 064350 071970 079550 082740 180640 272210 329180,두산 현대건설 한화 오리엔트바이오 삼양식품 미래에셋증권 일신석재 HD한국조선해양 평화홀딩스 한화에어로스페이스 현대엘리베이터 두산에너빌리티 한화오션 현대로템 HD현대마린엔진 LIG디펜스앤에어로스페이스 한화엔진 한진칼 한화시스템 HD현대중공업
2025-08-01,20,000150 000720 000880 003230 006800 009540 012450 034020 037270 042660 064350 071050 071970 079550 082740 272210 278470 298040 329180 377300,두산 현대건설 한화 삼양식품 미래에셋증권 HD한국조선해양 한화에어로스페이스 두산에너빌리티 YG PLUS 한화오션 현대로템 한국금융지주 HD현대마린엔진 LIG디펜스앤에어로스페이스 한화엔진 한화시스템 에이피알 효성중공업 HD현대중공업 카카오페이
2025-09-01,20,000150 000880 003230 006800 012450 034020 037270 042660 062040 064350 071970 079550 082740 097230 103140 272210 278470 298040 329180 377300,두산 한화 삼양식품 미래에셋증권 한화에어로스페이스 두산에너빌리티 YG PLUS 한화오션 산일전기 현대로템 HD현대마린엔진 LIG디펜스앤에어로스페이스 한화엔진 HJ중공업 풍산 한화시스템 에이피알 효성중공업 HD현대중공업 카카오페이
2025-10-01,20,000150 000880 003230 009540 012450 034020 037270 042660 062040 064350 071970 077970 079550 082740 097230 272210 278470 298040 329180 377300,두산 한화 삼양식품 HD한국조선해양 한화에어로스페이스 두산에너빌리티 YG PLUS 한화오션 산일전기 현대로템 HD현대마린엔진 STX엔진 LIG디펜스앤에어로스페이스 한화엔진 HJ중공업 한화시스템 에이피알 효성중공업 HD현대중공업 카카오페이
2025-11-03,20,000150 000880 003230 005690 006800 012450 034020 042660 062040 064350 071970 075580 082740 097230 272210 278470 298040 329180 377300 402340,두산 한화 삼양식품 파미셀 미래에셋증권 한화에어로스페이스 두산에너빌리티 한화오션 산일전기 현대로템 HD현대마린엔진 세진중공업 한화엔진 HJ중공업 한화시스템 에이피알 효성중공업 HD현대중공업 카카오페이 SK스퀘어
2025-12-01,20,000150 000660 000880 005690 006800 007660 010120 034020 042660 064350 071970 075580 082740 097230 267250 278470 298040 329180 336260 402340,두산 SK하이닉스 한화 파미셀 미래에셋증권 이수페타시스 LS ELECTRIC 두산에너빌리티 한화오션 현대로템 HD현대마린엔진 세진중공업 한화엔진 HJ중공업 HD현대 에이피알 효성중공업 HD현대중공업 두산퓨얼셀 SK스퀘어
2026-01-02,20,000150 000650 000660 000720 006800 007660 007810 010120 012450 034020 042660 064350 071970 082740 097230 105840 278470 298040 353200 402340,두산 천일고속 SK하이닉스 현대건설 미래에셋증권 이수페타시스 코리아써키트 LS ELECTRIC 한화에어로스페이스 두산에너빌리티 한화오션 현대로템 HD현대마린엔진 한화엔진 HJ중공업 우진 에이피알 효성중공업 대덕전자 SK스퀘어
2026-02-02,20,000150 000650 000660 000720 000880 006800 007660 007810 012200 034020 064350 071970 084670 092200 097230 249420 278470 298040 353200 402340,두산 천일고속 SK하이닉스 현대건설 한화 미래에셋증권 이수페타시스 코리아써키트 계양전기 두산에너빌리티 현대로템 HD현대마린엔진 동양고속 디아이씨 HJ중공업 일동제약 에이피알 효성중공업 대덕전자 SK스퀘어
2026-03-03,20,000650 000660 000720 004310 005930 006800 007660 012200 015760 034020 039490 047810 084670 097230 249420 267250 278470 298040 307950 402340,천일고속 SK하이닉스 현대건설 현대약품 삼성전자 미래에셋증권 이수페타시스 계양전기 한국전력 두산에너빌리티 키움증권 한국항공우주 동양고속 HJ중공업 일동제약 HD현대 에이피알 효성중공업 현대오토에버 SK스퀘어
2026-04-01,20,000150 000660 000720 001510 005380 005930 006800 009150 010120 034020 039490 042700 071050 267250 278470 298040 307950 322000 353200 402340,두산 SK하이닉스 현대건설 SK증권 현대차 삼성전자 미래에셋증권 삼성전기 LS ELECTRIC 두산에너빌리티 키움증권 한미반도체 한국금융지주 HD현대 에이피알 효성중공업 현대오토에버 HD현대에너지솔루션 대덕전자 SK스퀘어
2026-05-04,20,000150 000660 000720 001510 005930 006800 009150 010120 034020 039490 042700 047040 267250 272210 278470 298040 322000 353200 402340 475150,두산 SK하이닉스 현대건설 SK증권 삼성전자 미래에셋증권 삼성전기 LS ELECTRIC 두산에너빌리티 키움증권 한미반도체 대우건설 HD현대 한화시스템 에이피알 효성중공업 HD현대에너지솔루션 대덕전자 SK스퀘어 SK이터닉스
2026-06-01,20,000150 000660 000990 001510 005930 006400 006800 009150 010060 010120 010820 017900 042700 047040 097230 278470 298040 322000 353200 402340,두산 SK하이닉스 DB하이텍 SK증권 삼성전자 삼성SDI 미래에셋증권 삼성전기 OCI홀딩스 LS ELECTRIC 퍼스텍 광전자 한미반도체 대우건설 HJ중공업 에이피알 효성중공업 HD현대에너지솔루션 대덕전자 SK스퀘어
2026-07-01,20,000500 000660 000990 001820 005930 006340 006400 009150 010060 010120 011070 017900 047040 066570 298040 307950 322000 336260 353200 402340,가온전선 SK하이닉스 DB하이텍 삼화콘덴서 삼성전자 대원전선 삼성SDI 삼성전기 OCI홀딩스 LS ELECTRIC LG이노텍 광전자 대우건설 LG전자 효성중공업 현대오토에버 HD현대에너지솔루션 두산퓨얼셀 대덕전자 SK스퀘어
2026-08-03,20,000500 000660 001820 002990 004170 005930 006340 009150 010120 011070 017900 032830 034730 047040 093370 298040 307950 322000 353200 402340,가온전선 SK하이닉스 삼화콘덴서 금호건설 신세계 삼성전자 대원전선 삼성전기 LS ELECTRIC LG이노텍 광전자 삼성생명 SK 대우건설 후성 효성중공업 현대오토에버 HD현대에너지솔루션 대덕전자 SK스퀘어
