fund,apply_date,valuation_date_inferred,symbol,name,quantity,evaluation_krw
2ETF01,2026-09-21,2026-09-18,KRD010010001,원화예금,4563917,4563917
2ETF01,2026-09-21,2026-09-18,005930,삼성전자,6924,1807164000
2ETF01,2026-09-21,2026-09-18,000660,SK하이닉스,843,1565451000
2ETF01,2026-09-21,2026-09-18,402340,SK스퀘어,137,147823000
2ETF01,2026-09-21,2026-09-18,009150,삼성전기,83,115204000
2ETF01,2026-09-21,2026-09-18,105560,KB금융,452,79054800
2ETF01,2026-09-21,2026-09-18,005380,현대차,203,74095000
2ETF01,2026-09-21,2026-09-18,055550,신한지주,605,66610500
2ETF01,2026-09-21,2026-09-18,034020,두산에너빌리티,643,54590700
2ETF01,2026-09-21,2026-09-18,012450,한화에어로스페이스,49,52822000
2ETF01,2026-09-21,2026-09-18,028260,삼성물산,143,50193000
2ETF01,2026-09-21,2026-09-18,086790,하나금융지주,370,49247000
2ETF01,2026-09-21,2026-09-18,006400,삼성SDI,91,49231000
2ETF01,2026-09-21,2026-09-18,000270,기아,363,44249700
2ETF01,2026-09-21,2026-09-18,068270,셀트리온,234,41979600
2ETF01,2026-09-21,2026-09-18,035420,NAVER,199,39342300
2ETF01,2026-09-21,2026-09-18,316140,우리금융지주,1005,36280500
2ETF01,2026-09-21,2026-09-18,032830,삼성생명,126,35721000
2ETF01,2026-09-21,2026-09-18,012330,현대모비스,92,34868000
2ETF01,2026-09-21,2026-09-18,005490,POSCO홀딩스,101,32623000
2ETF01,2026-09-21,2026-09-18,066570,LG전자,161,31942400
2ETF01,2026-09-21,2026-09-18,034730,SK,53,28885000
2ETF01,2026-09-21,2026-09-18,000810,삼성화재,44,28512000
2ETF01,2026-09-21,2026-09-18,373220,LG에너지솔루션,74,26936000
2ETF01,2026-09-21,2026-09-18,010120,LS ELECTRIC,117,24745500
2ETF01,2026-09-21,2026-09-18,267260,HD현대일렉트릭,34,24650000
2ETF01,2026-09-21,2026-09-18,009540,HD한국조선해양,70,23625000
2ETF01,2026-09-21,2026-09-18,033780,KT&G,134,23048000
2ETF01,2026-09-21,2026-09-18,329180,HD현대중공업,49,22540000
2ETF01,2026-09-21,2026-09-18,207940,삼성바이오로직스,15,20970000
2ETF01,2026-09-21,2026-09-18,010140,삼성중공업,989,20571200
2ETF01,2026-09-21,2026-09-18,298040,효성중공업,7,20405000
2ETF01,2026-09-21,2026-09-18,017670,SK텔레콤,222,19802400
2ETF01,2026-09-21,2026-09-18,051910,LG화학,69,18423000
2ETF01,2026-09-21,2026-09-18,030200,KT,329,17437000
2ETF01,2026-09-21,2026-09-18,035720,카카오,505,16942750
2ETF01,2026-09-21,2026-09-18,042660,한화오션,198,16414200
2ETF01,2026-09-21,2026-09-18,096770,SK이노베이션,112,15299200
2ETF01,2026-09-21,2026-09-18,003550,LG,134,14994600
2ETF01,2026-09-21,2026-09-18,079550,LIG디펜스앤에어로스페이스,20,14880000
2ETF01,2026-09-21,2026-09-18,042700,한미반도체,63,14868000
2ETF01,2026-09-21,2026-09-18,015760,한국전력,472,14514000
2ETF01,2026-09-21,2026-09-18,000150,두산,10,14470000
2ETF01,2026-09-21,2026-09-18,138040,메리츠금융지주,110,13959000
2ETF01,2026-09-21,2026-09-18,267250,HD현대,67,13936000
2ETF01,2026-09-21,2026-09-18,000720,현대건설,110,13728000
2ETF01,2026-09-21,2026-09-18,047810,한국항공우주,105,13629000
2ETF01,2026-09-21,2026-09-18,064350,현대로템,110,13475000
2ETF01,2026-09-21,2026-09-18,278470,에이피알,36,13212000
2ETF01,2026-09-21,2026-09-18,018260,삼성에스디에스,57,12511500
2ETF01,2026-09-21,2026-09-18,006800,미래에셋증권,391,12375150
2ETF01,2026-09-21,2026-09-18,010130,고려아연,11,12364000
2ETF01,2026-09-21,2026-09-18,028050,삼성E&A,235,12173000
2ETF01,2026-09-21,2026-09-18,005830,DB손해보험,61,11400900
2ETF01,2026-09-21,2026-09-18,086280,현대글로비스,55,11192500
2ETF01,2026-09-21,2026-09-18,011070,LG이노텍,21,11172000
2ETF01,2026-09-21,2026-09-18,003490,대한항공,381,11163300
2ETF01,2026-09-21,2026-09-18,071050,한국금융지주,61,11120300
2ETF01,2026-09-21,2026-09-18,323410,카카오뱅크,508,10388600
2ETF01,2026-09-21,2026-09-18,003670,포스코퓨처엠,53,9746700
2ETF01,2026-09-21,2026-09-18,180640,한진칼,70,9716000
2ETF01,2026-09-21,2026-09-18,011200,HMM,467,9713600
2ETF01,2026-09-21,2026-09-18,010950,S-Oil,62,9269000
2ETF01,2026-09-21,2026-09-18,259960,크래프톤,42,8610000
2ETF01,2026-09-21,2026-09-18,272210,한화시스템,105,8400000
2ETF01,2026-09-21,2026-09-18,007660,이수페타시스,81,8399700
2ETF01,2026-09-21,2026-09-18,021240,코웨이,81,8189100
2ETF01,2026-09-21,2026-09-18,024110,기업은행,406,8140300
2ETF01,2026-09-21,2026-09-18,006260,LS,25,8137500
2ETF01,2026-09-21,2026-09-18,003230,삼양식품,6,7800000
2ETF01,2026-09-21,2026-09-18,016360,삼성증권,91,7762300
2ETF01,2026-09-21,2026-09-18,078930,GS,67,7631300
2ETF01,2026-09-21,2026-09-18,175330,JB금융지주,232,7157200
2ETF01,2026-09-21,2026-09-18,443060,HD현대마린솔루션,29,7134000
2ETF01,2026-09-21,2026-09-18,000100,유한양행,90,6831000
2ETF01,2026-09-21,2026-09-18,090430,아모레퍼시픽,46,6596400
2ETF01,2026-09-21,2026-09-18,161390,한국타이어앤테크놀로지,108,6544800
2ETF01,2026-09-21,2026-09-18,138930,BNK금융지주,405,6318000
2ETF01,2026-09-21,2026-09-18,352820,하이브,37,6138300
2ETF01,2026-09-21,2026-09-18,039490,키움증권,23,6037500
2ETF01,2026-09-21,2026-09-18,009830,한화솔루션,212,6020800
2ETF01,2026-09-21,2026-09-18,267270,HD건설기계,42,5871600
2ETF01,2026-09-21,2026-09-18,000990,DB하이텍,46,5800600
2ETF01,2026-09-21,2026-09-18,005940,NH투자증권,227,5799850
2ETF01,2026-09-21,2026-09-18,032640,LG유플러스,407,5718350
2ETF01,2026-09-21,2026-09-18,047040,대우건설,296,5597360
2ETF01,2026-09-21,2026-09-18,001440,대한전선,176,5535200
2ETF01,2026-09-21,2026-09-18,036570,NC,26,5434000
2ETF01,2026-09-21,2026-09-18,062040,산일전기,25,5287500
2ETF01,2026-09-21,2026-09-18,066970,엘앤에프,46,5106000
2ETF01,2026-09-21,2026-09-18,064400,LG씨엔에스,71,5012600
2ETF01,2026-09-21,2026-09-18,241560,두산밥캣,78,4602000
2ETF01,2026-09-21,2026-09-18,326030,SK바이오팜,59,4584300
2ETF01,2026-09-21,2026-09-18,004020,현대제철,126,4536000
2ETF01,2026-09-21,2026-09-18,128940,한미약품,9,4527000
2ETF01,2026-09-21,2026-09-18,001450,현대해상,86,4196800
2ETF01,2026-09-21,2026-09-18,082740,한화엔진,81,4155300
2ETF01,2026-09-21,2026-09-18,010060,OCI홀딩스,20,4080000
2ETF01,2026-09-21,2026-09-18,034220,LG디스플레이,472,3964800
2ETF01,2026-09-21,2026-09-18,047050,포스코인터내셔널,69,3953700
2ETF01,2026-09-21,2026-09-18,000880,한화,29,3842500
2ETF01,2026-09-21,2026-09-18,051900,LG생활건강,13,3841500
2ETF01,2026-09-21,2026-09-18,375500,DL이앤씨,44,3823600
2ETF01,2026-09-21,2026-09-18,052690,한전기술,28,3746400
2ETF01,2026-09-21,2026-09-18,139130,iM금융지주,204,3716880
2ETF01,2026-09-21,2026-09-18,271560,오리온,33,3679500
2ETF01,2026-09-21,2026-09-18,161890,한국콜마,25,3630000
2ETF01,2026-09-21,2026-09-18,454910,두산로보틱스,50,3460000
2ETF01,2026-09-21,2026-09-18,011790,SKC,39,3420300
2ETF01,2026-09-21,2026-09-18,307950,현대오토에버,9,3325500
2ETF01,2026-09-21,2026-09-18,192820,코스맥스,12,3276000
2ETF01,2026-09-21,2026-09-18,004170,신세계,9,3262500
2ETF01,2026-09-21,2026-09-18,014680,한솔케미칼,14,3010000
2ETF01,2026-09-21,2026-09-18,012750,에스원,36,2991600
2ETF01,2026-09-21,2026-09-18,088350,한화생명,495,2900700
2ETF01,2026-09-21,2026-09-18,002380,KCC,6,2808000
2ETF01,2026-09-21,2026-09-18,017800,현대엘리베이터,38,2785400
2ETF01,2026-09-21,2026-09-18,483650,달바글로벌,15,2704500
2ETF01,2026-09-21,2026-09-18,001040,CJ,21,2677500
2ETF01,2026-09-21,2026-09-18,011780,금호석유화학,22,2622400
2ETF01,2026-09-21,2026-09-18,0126Z0,삼성에피스홀딩스,8,2616000
2ETF01,2026-09-21,2026-09-18,009420,한올바이오파마,53,2525450
2ETF01,2026-09-21,2026-09-18,035250,강원랜드,170,2427600
2ETF01,2026-09-21,2026-09-18,204320,HL만도,49,2361800
2ETF01,2026-09-21,2026-09-18,111770,영원무역,33,2356200
2ETF01,2026-09-21,2026-09-18,139480,이마트,30,2220000
2ETF01,2026-09-21,2026-09-18,377300,카카오페이,55,2213750
2ETF01,2026-09-21,2026-09-18,097950,CJ제일제당,12,2095200
2ETF01,2026-09-21,2026-09-18,008930,한미사이언스,42,2037000
2ETF01,2026-09-21,2026-09-18,450080,에코프로머티,57,1989300
2ETF01,2026-09-21,2026-09-18,103140,풍산,25,1982500
2ETF01,2026-09-21,2026-09-18,004370,농심,5,1957500
2ETF01,2026-09-21,2026-09-18,457190,이수스페셜티케미컬,30,1953000
2ETF01,2026-09-21,2026-09-18,036460,한국가스공사,55,1938750
2ETF01,2026-09-21,2026-09-18,028670,팬오션,337,1937750
2ETF01,2026-09-21,2026-09-18,008770,호텔신라,46,1876800
2ETF01,2026-09-21,2026-09-18,112610,씨에스윈드,36,1850400
2ETF01,2026-09-21,2026-09-18,018880,한온시스템,523,1801735
2ETF01,2026-09-21,2026-09-18,282330,BGF리테일,13,1799200
2ETF01,2026-09-21,2026-09-18,030000,제일기획,103,1781900
2ETF01,2026-09-21,2026-09-18,029780,삼성카드,40,1750000
2ETF01,2026-09-21,2026-09-18,071970,HD현대마린엔진,33,1732500
2ETF01,2026-09-21,2026-09-18,081660,미스토홀딩스,45,1707750
2ETF01,2026-09-21,2026-09-18,120110,코오롱인더,30,1704000
2ETF01,2026-09-21,2026-09-18,011170,롯데케미칼,27,1701000
2ETF01,2026-09-21,2026-09-18,023530,롯데쇼핑,15,1701000
2ETF01,2026-09-21,2026-09-18,069960,현대백화점,17,1669400
2ETF01,2026-09-21,2026-09-18,022100,포스코DX,75,1567500
2ETF01,2026-09-21,2026-09-18,251270,넷마블,45,1559250
2ETF01,2026-09-21,2026-09-18,051600,한전KPS,33,1536150
2ETF01,2026-09-21,2026-09-18,007340,DN오토모티브,31,1528300
2ETF01,2026-09-21,2026-09-18,383220,F&F,21,1455300
2ETF01,2026-09-21,2026-09-18,302440,SK바이오사이언스,39,1370850
2ETF01,2026-09-21,2026-09-18,009970,영원무역홀딩스,8,1329600
2ETF01,2026-09-21,2026-09-18,298020,효성티앤씨,4,1300000
2ETF01,2026-09-21,2026-09-18,011210,현대위아,23,1248900
2ETF01,2026-09-21,2026-09-18,093370,후성,82,1203760
2ETF01,2026-09-21,2026-09-18,005850,에스엘,24,1200000
2ETF01,2026-09-21,2026-09-18,073240,금호타이어,168,1177680
2ETF01,2026-09-21,2026-09-18,026960,동서,46,1173000
2ETF01,2026-09-21,2026-09-18,007070,GS리테일,50,1167500
2ETF01,2026-09-21,2026-09-18,000120,CJ대한통운,16,1128000
2ETF01,2026-09-21,2026-09-18,004990,롯데지주,42,1033200
2ETF01,2026-09-21,2026-09-18,017960,한국카본,48,1008000
2ETF01,2026-09-21,2026-09-18,006280,녹십자,8,979200
2ETF01,2026-09-21,2026-09-18,004000,롯데정밀화학,22,979000
2ETF01,2026-09-21,2026-09-18,002790,아모레퍼시픽홀딩스,37,960150
2ETF01,2026-09-21,2026-09-18,192080,더블유게임즈,16,928000
2ETF01,2026-09-21,2026-09-18,003240,태광산업,1,896000
2ETF01,2026-09-21,2026-09-18,000240,한국앤컴퍼니,36,882000
2ETF01,2026-09-21,2026-09-18,361610,SK아이이테크놀로지,56,880320
2ETF01,2026-09-21,2026-09-18,000210,DL,16,872000
2ETF01,2026-09-21,2026-09-18,001430,세아베스틸지주,18,810900
2ETF01,2026-09-21,2026-09-18,185750,종근당,12,765600
2ETF01,2026-09-21,2026-09-18,069620,대웅제약,7,764400
2ETF01,2026-09-21,2026-09-18,285130,SK케미칼,15,760500
2ETF01,2026-09-21,2026-09-18,001800,오리온홀딩스,30,723000
2ETF01,2026-09-21,2026-09-18,000080,하이트진로,46,683100
2ETF01,2026-09-21,2026-09-18,007310,오뚜기,2,626000
2ETF01,2026-09-21,2026-09-18,034230,파라다이스,65,624000
2ETF01,2026-09-21,2026-09-18,006040,동원산업,15,533250
2ETF01,2026-09-21,2026-09-18,456040,OCI,7,530600
2ETF01,2026-09-21,2026-09-18,300720,한일시멘트,32,523200
2ETF01,2026-09-21,2026-09-18,001680,대상,29,513300
2ETF01,2026-09-21,2026-09-18,069260,TKG휴켐스,32,512960
2ETF01,2026-09-21,2026-09-18,280360,롯데웰푸드,4,506400
2ETF01,2026-09-21,2026-09-18,006650,대한유화,5,493500
2ETF01,2026-09-21,2026-09-18,298050,HS효성첨단소재,3,491700
2ETF01,2026-09-21,2026-09-18,005300,롯데칠성,5,470000
2ETF01,2026-09-21,2026-09-18,009240,한샘,12,468000
2ETF01,2026-09-21,2026-09-18,003090,대웅,29,455590
2ETF01,2026-09-21,2026-09-18,005420,코스모화학,38,394440
2ETF01,2026-09-21,2026-09-18,000670,영풍,7,332150
2ETF01,2026-09-21,2026-09-18,137310,에스디바이오센서,52,310440
2ETF01,2026-09-21,2026-09-18,0220W0,한화머시너리앤서비스홀딩스,48,302880
2ETF01,2026-09-21,2026-09-18,071320,지역난방공사,4,299600
2ETF01,2026-09-21,2026-09-18,002840,미원상사,2,266600
2ETF01,2026-09-21,2026-09-18,008730,율촌화학,16,240800
2ETF01,2026-09-21,2026-09-18,002030,아세아,1,220000
2ETF01,2026-09-21,2026-09-18,003030,세아제강지주,2,216600
2ETF01,2026-09-21,2026-09-18,014820,동원시스템즈,8,170400
2ETF01,2026-09-21,2026-09-18,268280,미원에스씨,1,133800
2ETF07,2026-09-21,2026-09-18,KRD010010001,원화예금,660535,660535
2ETF07,2026-09-21,2026-09-18,000660,SK하이닉스,341,633237000
2ETF07,2026-09-21,2026-09-18,005930,삼성전자,2346,612306000
2ETF07,2026-09-21,2026-09-18,042700,한미반도체,1490,351640000
2ETF07,2026-09-21,2026-09-18,036930,주성엔지니어링,1106,227283000
2ETF07,2026-09-21,2026-09-18,240810,원익IPS,1168,141912000
2ETF07,2026-09-21,2026-09-18,000990,DB하이텍,1082,136440200
2ETF07,2026-09-21,2026-09-18,039030,이오테크닉스,297,134689500
2ETF07,2026-09-21,2026-09-18,403870,HPSP,2310,124509000
2ETF07,2026-09-21,2026-09-18,058470,리노공업,1760,122496000
2ETF07,2026-09-21,2026-09-18,222800,심텍,890,111873000
2ETF07,2026-09-21,2026-09-18,319660,피에스케이,700,88830000
2ETF07,2026-09-21,2026-09-18,080220,제주반도체,1077,79051800
2ETF07,2026-09-21,2026-09-18,440110,파두,1282,78202000
2ETF07,2026-09-21,2026-09-18,084370,유진테크,488,67344000
2ETF07,2026-09-21,2026-09-18,095340,ISC,361,67254300
2ETF07,2026-09-21,2026-09-18,067310,하나마이크론,1701,65743650
2ETF07,2026-09-21,2026-09-18,095610,테스,415,57311500
2ETF07,2026-09-21,2026-09-18,064760,티씨케이,198,53163000
2ETF07,2026-09-21,2026-09-18,131290,티에스이,197,47871000
2ETF07,2026-09-21,2026-09-18,031980,피에스케이홀딩스,253,40454700
2ETF07,2026-09-21,2026-09-18,131970,두산테스나,419,36075900
2ETF01,2026-09-22,2026-09-21,KRD010010001,원화예금,944385,944385
2ETF01,2026-09-22,2026-09-21,005930,삼성전자,6930,1898820000
2ETF01,2026-09-22,2026-09-21,000660,SK하이닉스,844,1576592000
2ETF01,2026-09-22,2026-09-21,402340,SK스퀘어,137,154399000
2ETF01,2026-09-22,2026-09-21,009150,삼성전기,83,118607000
2ETF01,2026-09-22,2026-09-21,105560,KB금융,452,80230000
2ETF01,2026-09-22,2026-09-21,005380,현대차,202,72518000
2ETF01,2026-09-22,2026-09-21,055550,신한지주,605,68425500
2ETF01,2026-09-22,2026-09-21,034020,두산에너빌리티,644,54933200
2ETF01,2026-09-22,2026-09-21,028260,삼성물산,144,52920000
2ETF01,2026-09-22,2026-09-21,012450,한화에어로스페이스,49,52283000
2ETF01,2026-09-22,2026-09-21,086790,하나금융지주,370,50209000
2ETF01,2026-09-22,2026-09-21,006400,삼성SDI,91,48503000
2ETF01,2026-09-22,2026-09-21,000270,기아,363,43560000
2ETF01,2026-09-22,2026-09-21,068270,셀트리온,234,42447600
2ETF01,2026-09-22,2026-09-21,035420,NAVER,199,39382100
2ETF01,2026-09-22,2026-09-21,032830,삼성생명,126,36666000
2ETF01,2026-09-22,2026-09-21,316140,우리금융지주,1005,36632250
2ETF01,2026-09-22,2026-09-21,012330,현대모비스,92,34316000
2ETF01,2026-09-22,2026-09-21,066570,LG전자,161,32602500
2ETF01,2026-09-22,2026-09-21,005490,POSCO홀딩스,101,32017000
2ETF01,2026-09-22,2026-09-21,034730,SK,53,30475000
2ETF01,2026-09-22,2026-09-21,000810,삼성화재,44,28644000
2ETF01,2026-09-22,2026-09-21,373220,LG에너지솔루션,74,26048000
2ETF01,2026-09-22,2026-09-21,010120,LS ELECTRIC,117,24453000
2ETF01,2026-09-22,2026-09-21,267260,HD현대일렉트릭,34,24276000
2ETF01,2026-09-22,2026-09-21,009540,HD한국조선해양,70,23730000
2ETF01,2026-09-22,2026-09-21,033780,KT&G,134,23289200
2ETF01,2026-09-22,2026-09-21,329180,HD현대중공업,49,22074500
2ETF01,2026-09-22,2026-09-21,207940,삼성바이오로직스,15,21030000
2ETF01,2026-09-22,2026-09-21,298040,효성중공업,7,20419000
2ETF01,2026-09-22,2026-09-21,010140,삼성중공업,989,20373400
2ETF01,2026-09-22,2026-09-21,017670,SK텔레콤,222,19314000
2ETF01,2026-09-22,2026-09-21,051910,LG화학,69,17836500
2ETF01,2026-09-22,2026-09-21,030200,KT,329,17469900
2ETF01,2026-09-22,2026-09-21,035720,카카오,505,16766000
2ETF01,2026-09-22,2026-09-21,042660,한화오션,198,16196400
2ETF01,2026-09-22,2026-09-21,096770,SK이노베이션,112,15758400
2ETF01,2026-09-22,2026-09-21,003550,LG,134,14914200
2ETF01,2026-09-22,2026-09-21,042700,한미반도체,63,14899500
2ETF01,2026-09-22,2026-09-21,015760,한국전력,472,14561200
2ETF01,2026-09-22,2026-09-21,079550,LIG디펜스앤에어로스페이스,20,14500000
2ETF01,2026-09-22,2026-09-21,000150,두산,10,14320000
2ETF01,2026-09-22,2026-09-21,138040,메리츠금융지주,110,14289000
2ETF01,2026-09-22,2026-09-21,267250,HD현대,67,14137000
2ETF01,2026-09-22,2026-09-21,000720,현대건설,110,13816000
2ETF01,2026-09-22,2026-09-21,047810,한국항공우주,105,13608000
2ETF01,2026-09-22,2026-09-21,278470,에이피알,36,13176000
2ETF01,2026-09-22,2026-09-21,064350,현대로템,110,13068000
2ETF01,2026-09-22,2026-09-21,018260,삼성에스디에스,57,12796500
2ETF01,2026-09-22,2026-09-21,006800,미래에셋증권,391,12492450
2ETF01,2026-09-22,2026-09-21,010130,고려아연,11,12353000
2ETF01,2026-09-22,2026-09-21,028050,삼성E&A,235,12220000
2ETF01,2026-09-22,2026-09-21,005830,DB손해보험,61,11486300
2ETF01,2026-09-22,2026-09-21,071050,한국금융지주,61,11248400
2ETF01,2026-09-22,2026-09-21,086280,현대글로비스,55,11165000
2ETF01,2026-09-22,2026-09-21,003490,대한항공,381,10991850
2ETF01,2026-09-22,2026-09-21,011070,LG이노텍,21,10899000
2ETF01,2026-09-22,2026-09-21,323410,카카오뱅크,508,10210800
2ETF01,2026-09-22,2026-09-21,011200,HMM,467,9853700
2ETF01,2026-09-22,2026-09-21,180640,한진칼,70,9695000
2ETF01,2026-09-22,2026-09-21,010950,S-Oil,62,9541800
2ETF01,2026-09-22,2026-09-21,003670,포스코퓨처엠,53,9439300
2ETF01,2026-09-22,2026-09-21,007660,이수페타시스,81,8934300
2ETF01,2026-09-22,2026-09-21,259960,크래프톤,42,8400000
2ETF01,2026-09-22,2026-09-21,024110,기업은행,406,8120000
2ETF01,2026-09-22,2026-09-21,006260,LS,25,8062500
2ETF01,2026-09-22,2026-09-21,021240,코웨이,81,8059500
2ETF01,2026-09-22,2026-09-21,272210,한화시스템,105,8032500
2ETF01,2026-09-22,2026-09-21,016360,삼성증권,91,8026200
2ETF01,2026-09-22,2026-09-21,003230,삼양식품,6,7656000
2ETF01,2026-09-22,2026-09-21,078930,GS,67,7591100
2ETF01,2026-09-22,2026-09-21,175330,JB금융지주,232,7192000
2ETF01,2026-09-22,2026-09-21,000100,유한양행,90,6804000
2ETF01,2026-09-22,2026-09-21,443060,HD현대마린솔루션,29,6771500
2ETF01,2026-09-22,2026-09-21,090430,아모레퍼시픽,46,6670000
2ETF01,2026-09-22,2026-09-21,138930,BNK금융지주,405,6378750
2ETF01,2026-09-22,2026-09-21,161390,한국타이어앤테크놀로지,108,6328800
2ETF01,2026-09-22,2026-09-21,039490,키움증권,23,6083500
2ETF01,2026-09-22,2026-09-21,000990,DB하이텍,46,6067400
2ETF01,2026-09-22,2026-09-21,352820,하이브,37,6012500
2ETF01,2026-09-22,2026-09-21,005940,NH투자증권,227,5970100
2ETF01,2026-09-22,2026-09-21,032640,LG유플러스,407,5897430
2ETF01,2026-09-22,2026-09-21,009830,한화솔루션,212,5851200
2ETF01,2026-09-22,2026-09-21,267270,HD건설기계,42,5741400
2ETF01,2026-09-22,2026-09-21,047040,대우건설,296,5413840
2ETF01,2026-09-22,2026-09-21,036570,NC,26,5369000
2ETF01,2026-09-22,2026-09-21,001440,대한전선,176,5227200
2ETF01,2026-09-22,2026-09-21,062040,산일전기,25,5125000
2ETF01,2026-09-22,2026-09-21,066970,엘앤에프,46,4945000
2ETF01,2026-09-22,2026-09-21,064400,LG씨엔에스,71,4934500
2ETF01,2026-09-22,2026-09-21,326030,SK바이오팜,59,4578400
2ETF01,2026-09-22,2026-09-21,128940,한미약품,9,4545000
2ETF01,2026-09-22,2026-09-21,241560,두산밥캣,78,4531800
2ETF01,2026-09-22,2026-09-21,004020,현대제철,126,4422600
2ETF01,2026-09-22,2026-09-21,001450,현대해상,86,4222600
2ETF01,2026-09-22,2026-09-21,082740,한화엔진,81,4041900
2ETF01,2026-09-22,2026-09-21,034220,LG디스플레이,472,4021440
2ETF01,2026-09-22,2026-09-21,047050,포스코인터내셔널,69,3988200
2ETF01,2026-09-22,2026-09-21,051900,LG생활건강,13,3887000
2ETF01,2026-09-22,2026-09-21,010060,OCI홀딩스,20,3820000
2ETF01,2026-09-22,2026-09-21,000880,한화,29,3807700
2ETF01,2026-09-22,2026-09-21,375500,DL이앤씨,44,3744400
2ETF01,2026-09-22,2026-09-21,139130,iM금융지주,204,3686280
2ETF01,2026-09-22,2026-09-21,271560,오리온,33,3669600
2ETF01,2026-09-22,2026-09-21,161890,한국콜마,25,3637500
2ETF01,2026-09-22,2026-09-21,052690,한전기술,28,3628800
2ETF01,2026-09-22,2026-09-21,454910,두산로보틱스,50,3480000
2ETF01,2026-09-22,2026-09-21,011790,SKC,39,3432000
2ETF01,2026-09-22,2026-09-21,192820,코스맥스,12,3300000
2ETF01,2026-09-22,2026-09-21,307950,현대오토에버,9,3249000
2ETF01,2026-09-22,2026-09-21,004170,신세계,9,3217500
2ETF01,2026-09-22,2026-09-21,014680,한솔케미칼,14,3017000
2ETF01,2026-09-22,2026-09-21,012750,에스원,36,3009600
2ETF01,2026-09-22,2026-09-21,088350,한화생명,495,2861100
2ETF01,2026-09-22,2026-09-21,017800,현대엘리베이터,38,2812000
2ETF01,2026-09-22,2026-09-21,002380,KCC,6,2790000
2ETF01,2026-09-22,2026-09-21,483650,달바글로벌,15,2746500
2ETF01,2026-09-22,2026-09-21,001040,CJ,21,2702700
2ETF01,2026-09-22,2026-09-21,011780,금호석유화학,22,2626800
2ETF01,2026-09-22,2026-09-21,0126Z0,삼성에피스홀딩스,8,2616000
2ETF01,2026-09-22,2026-09-21,009420,한올바이오파마,53,2480400
2ETF01,2026-09-22,2026-09-21,035250,강원랜드,170,2436100
2ETF01,2026-09-22,2026-09-21,111770,영원무역,33,2356200
2ETF01,2026-09-22,2026-09-21,204320,HL만도,49,2317700
2ETF01,2026-09-22,2026-09-21,377300,카카오페이,55,2194500
2ETF01,2026-09-22,2026-09-21,139480,이마트,30,2193000
2ETF01,2026-09-22,2026-09-21,008930,한미사이언스,42,2133600
2ETF01,2026-09-22,2026-09-21,097950,CJ제일제당,12,2095200
2ETF01,2026-09-22,2026-09-21,004370,농심,5,1972500
2ETF01,2026-09-22,2026-09-21,036460,한국가스공사,55,1955250
2ETF01,2026-09-22,2026-09-21,450080,에코프로머티,57,1952250
2ETF01,2026-09-22,2026-09-21,028670,팬오션,337,1951230
2ETF01,2026-09-22,2026-09-21,103140,풍산,25,1950000
2ETF01,2026-09-22,2026-09-21,457190,이수스페셜티케미컬,30,1917000
2ETF01,2026-09-22,2026-09-21,008770,호텔신라,46,1844600
2ETF01,2026-09-22,2026-09-21,112610,씨에스윈드,36,1814400
2ETF01,2026-09-22,2026-09-21,282330,BGF리테일,13,1803100
2ETF01,2026-09-22,2026-09-21,030000,제일기획,103,1795290
2ETF01,2026-09-22,2026-09-21,018880,한온시스템,523,1749435
2ETF01,2026-09-22,2026-09-21,081660,미스토홀딩스,45,1732500
2ETF01,2026-09-22,2026-09-21,029780,삼성카드,40,1730000
2ETF01,2026-09-22,2026-09-21,011170,롯데케미칼,27,1717200
2ETF01,2026-09-22,2026-09-21,120110,코오롱인더,30,1713000
2ETF01,2026-09-22,2026-09-21,069960,현대백화점,17,1698300
2ETF01,2026-09-22,2026-09-21,071970,HD현대마린엔진,33,1686300
2ETF01,2026-09-22,2026-09-21,023530,롯데쇼핑,15,1642500
2ETF01,2026-09-22,2026-09-21,251270,넷마블,45,1554750
2ETF01,2026-09-22,2026-09-21,022100,포스코DX,75,1526250
2ETF01,2026-09-22,2026-09-21,007340,DN오토모티브,31,1525200
2ETF01,2026-09-22,2026-09-21,051600,한전KPS,33,1522950
2ETF01,2026-09-22,2026-09-21,383220,F&F,21,1436400
2ETF01,2026-09-22,2026-09-21,302440,SK바이오사이언스,39,1390350
2ETF01,2026-09-22,2026-09-21,009970,영원무역홀딩스,8,1327200
2ETF01,2026-09-22,2026-09-21,298020,효성티앤씨,4,1270000
2ETF01,2026-09-22,2026-09-21,011210,현대위아,23,1232800
2ETF01,2026-09-22,2026-09-21,005850,에스엘,24,1182000
2ETF01,2026-09-22,2026-09-21,026960,동서,46,1168400
2ETF01,2026-09-22,2026-09-21,007070,GS리테일,50,1165000
2ETF01,2026-09-22,2026-09-21,093370,후성,82,1139800
2ETF01,2026-09-22,2026-09-21,073240,금호타이어,168,1139040
2ETF01,2026-09-22,2026-09-21,000120,CJ대한통운,16,1131200
2ETF01,2026-09-22,2026-09-21,004990,롯데지주,42,1024800
2ETF01,2026-09-22,2026-09-21,006280,녹십자,8,1005600
2ETF01,2026-09-22,2026-09-21,017960,한국카본,48,986400
2ETF01,2026-09-22,2026-09-21,002790,아모레퍼시픽홀딩스,37,984200
2ETF01,2026-09-22,2026-09-21,004000,롯데정밀화학,22,979000
2ETF01,2026-09-22,2026-09-21,192080,더블유게임즈,16,932800
2ETF01,2026-09-22,2026-09-21,361610,SK아이이테크놀로지,56,907760
2ETF01,2026-09-22,2026-09-21,003240,태광산업,1,893000
2ETF01,2026-09-22,2026-09-21,000240,한국앤컴퍼니,36,882000
2ETF01,2026-09-22,2026-09-21,000210,DL,16,830400
2ETF01,2026-09-22,2026-09-21,001430,세아베스틸지주,18,788400
2ETF01,2026-09-22,2026-09-21,185750,종근당,12,775200
2ETF01,2026-09-22,2026-09-21,285130,SK케미칼,15,769500
2ETF01,2026-09-22,2026-09-21,069620,대웅제약,7,758100
2ETF01,2026-09-22,2026-09-21,001800,오리온홀딩스,30,720000
2ETF01,2026-09-22,2026-09-21,000080,하이트진로,46,693220
2ETF01,2026-09-22,2026-09-21,007310,오뚜기,2,628000
2ETF01,2026-09-22,2026-09-21,034230,파라다이스,65,620100
2ETF01,2026-09-22,2026-09-21,006040,동원산업,15,532500
2ETF01,2026-09-22,2026-09-21,300720,한일시멘트,32,520320
2ETF01,2026-09-22,2026-09-21,456040,OCI,7,520100
2ETF01,2026-09-22,2026-09-21,069260,TKG휴켐스,32,519040
2ETF01,2026-09-22,2026-09-21,001680,대상,29,515040
2ETF01,2026-09-22,2026-09-21,280360,롯데웰푸드,4,509600
2ETF01,2026-09-22,2026-09-21,006650,대한유화,5,483500
2ETF01,2026-09-22,2026-09-21,298050,HS효성첨단소재,3,483300
2ETF01,2026-09-22,2026-09-21,005300,롯데칠성,5,472500
2ETF01,2026-09-22,2026-09-21,009240,한샘,12,471000
2ETF01,2026-09-22,2026-09-21,003090,대웅,29,461100
2ETF01,2026-09-22,2026-09-21,005420,코스모화학,38,391020
2ETF01,2026-09-22,2026-09-21,137310,에스디바이오센서,52,319800
2ETF01,2026-09-22,2026-09-21,071320,지역난방공사,4,312000
2ETF01,2026-09-22,2026-09-21,0220W0,한화머시너리앤서비스홀딩스,48,307200
2ETF01,2026-09-22,2026-09-21,000670,영풍,7,306950
2ETF01,2026-09-22,2026-09-21,002840,미원상사,2,272400
2ETF01,2026-09-22,2026-09-21,008730,율촌화학,16,241440
2ETF01,2026-09-22,2026-09-21,002030,아세아,1,216500
2ETF01,2026-09-22,2026-09-21,003030,세아제강지주,2,213800
2ETF01,2026-09-22,2026-09-21,014820,동원시스템즈,8,168400
2ETF01,2026-09-22,2026-09-21,268280,미원에스씨,1,130500
2ETF07,2026-09-22,2026-09-21,KRD010010001,원화예금,700426,700426
2ETF07,2026-09-22,2026-09-21,005930,삼성전자,2346,642804000
2ETF07,2026-09-22,2026-09-21,000660,SK하이닉스,341,636988000
2ETF07,2026-09-22,2026-09-21,042700,한미반도체,1490,352385000
2ETF07,2026-09-22,2026-09-21,036930,주성엔지니어링,1106,227283000
2ETF07,2026-09-22,2026-09-21,240810,원익IPS,1168,150672000
2ETF07,2026-09-22,2026-09-21,039030,이오테크닉스,297,143748000
2ETF07,2026-09-22,2026-09-21,000990,DB하이텍,1082,142715800
2ETF07,2026-09-22,2026-09-21,403870,HPSP,2310,126357000
2ETF07,2026-09-22,2026-09-21,058470,리노공업,1760,122848000
2ETF07,2026-09-22,2026-09-21,222800,심텍,890,116323000
2ETF07,2026-09-22,2026-09-21,319660,피에스케이,700,95830000
2ETF07,2026-09-22,2026-09-21,440110,파두,1282,83971000
2ETF07,2026-09-22,2026-09-21,080220,제주반도체,1077,80990400
2ETF07,2026-09-22,2026-09-21,067310,하나마이크론,1701,76204800
2ETF07,2026-09-22,2026-09-21,095340,ISC,361,71875100
2ETF07,2026-09-22,2026-09-21,084370,유진테크,488,68515200
2ETF07,2026-09-22,2026-09-21,095610,테스,415,62084000
2ETF07,2026-09-22,2026-09-21,131290,티에스이,197,53091500
2ETF07,2026-09-22,2026-09-21,064760,티씨케이,198,52965000
2ETF07,2026-09-22,2026-09-21,031980,피에스케이홀딩스,253,43010000
2ETF07,2026-09-22,2026-09-21,131970,두산테스나,419,39805000
2ETF01,2026-09-23,2026-09-22,KRD010010001,원화예금,824444,824444
2ETF01,2026-09-23,2026-09-22,005930,삼성전자,6930,1916145000
2ETF01,2026-09-23,2026-09-22,000660,SK하이닉스,844,1552960000
2ETF01,2026-09-23,2026-09-22,402340,SK스퀘어,137,155221000
2ETF01,2026-09-23,2026-09-22,009150,삼성전기,83,123338000
2ETF01,2026-09-23,2026-09-22,105560,KB금융,452,79416400
2ETF01,2026-09-23,2026-09-22,005380,현대차,202,72821000
2ETF01,2026-09-23,2026-09-22,055550,신한지주,605,68486000
2ETF01,2026-09-23,2026-09-22,034020,두산에너빌리티,644,55706000
2ETF01,2026-09-23,2026-09-22,028260,삼성물산,144,52848000
2ETF01,2026-09-23,2026-09-22,012450,한화에어로스페이스,49,51793000
2ETF01,2026-09-23,2026-09-22,086790,하나금융지주,370,50320000
2ETF01,2026-09-23,2026-09-22,006400,삼성SDI,91,48139000
2ETF01,2026-09-23,2026-09-22,000270,기아,363,43015500
2ETF01,2026-09-23,2026-09-22,068270,셀트리온,234,41769000
2ETF01,2026-09-23,2026-09-22,035420,NAVER,199,39999000
2ETF01,2026-09-23,2026-09-22,032830,삼성생명,126,36666000
2ETF01,2026-09-23,2026-09-22,316140,우리금융지주,1005,35928750
2ETF01,2026-09-23,2026-09-22,066570,LG전자,161,34856500
2ETF01,2026-09-23,2026-09-22,012330,현대모비스,92,34270000
2ETF01,2026-09-23,2026-09-22,005490,POSCO홀딩스,101,32067500
2ETF01,2026-09-23,2026-09-22,034730,SK,53,31164000
2ETF01,2026-09-23,2026-09-22,000810,삼성화재,44,28820000
2ETF01,2026-09-23,2026-09-22,373220,LG에너지솔루션,74,25937000
2ETF01,2026-09-23,2026-09-22,010120,LS ELECTRIC,117,24804000
2ETF01,2026-09-23,2026-09-22,267260,HD현대일렉트릭,34,24276000
2ETF01,2026-09-23,2026-09-22,009540,HD한국조선해양,70,23765000
2ETF01,2026-09-23,2026-09-22,033780,KT&G,134,23758200
2ETF01,2026-09-23,2026-09-22,329180,HD현대중공업,49,22319500
2ETF01,2026-09-23,2026-09-22,207940,삼성바이오로직스,15,20865000
2ETF01,2026-09-23,2026-09-22,010140,삼성중공업,989,20373400
2ETF01,2026-09-23,2026-09-22,298040,효성중공업,7,20307000
2ETF01,2026-09-23,2026-09-22,017670,SK텔레콤,222,19380600
2ETF01,2026-09-23,2026-09-22,051910,LG화학,69,17526000
2ETF01,2026-09-23,2026-09-22,030200,KT,329,17469900
2ETF01,2026-09-23,2026-09-22,035720,카카오,505,17245750
2ETF01,2026-09-23,2026-09-22,042660,한화오션,198,16156800
2ETF01,2026-09-23,2026-09-22,096770,SK이노베이션,112,15792000
2ETF01,2026-09-23,2026-09-22,003550,LG,134,15611000
2ETF01,2026-09-23,2026-09-22,042700,한미반도체,63,15120000
2ETF01,2026-09-23,2026-09-22,000150,두산,10,14730000
2ETF01,2026-09-23,2026-09-22,015760,한국전력,472,14561200
2ETF01,2026-09-23,2026-09-22,000720,현대건설,110,14443000
2ETF01,2026-09-23,2026-09-22,138040,메리츠금융지주,110,14179000
2ETF01,2026-09-23,2026-09-22,079550,LIG디펜스앤에어로스페이스,20,14080000
2ETF01,2026-09-23,2026-09-22,267250,HD현대,67,13869000
2ETF01,2026-09-23,2026-09-22,047810,한국항공우주,105,13681500
2ETF01,2026-09-23,2026-09-22,278470,에이피알,36,13014000
2ETF01,2026-09-23,2026-09-22,018260,삼성에스디에스,57,12882000
2ETF01,2026-09-23,2026-09-22,064350,현대로템,110,12881000
2ETF01,2026-09-23,2026-09-22,006800,미래에셋증권,391,12844350
2ETF01,2026-09-23,2026-09-22,010130,고려아연,11,12210000
2ETF01,2026-09-23,2026-09-22,028050,삼성E&A,235,12032000
2ETF01,2026-09-23,2026-09-22,003490,대한항공,381,11963400
2ETF01,2026-09-23,2026-09-22,011070,LG이노텍,21,11382000
2ETF01,2026-09-23,2026-09-22,071050,한국금융지주,61,11364300
2ETF01,2026-09-23,2026-09-22,005830,DB손해보험,61,11339900
2ETF01,2026-09-23,2026-09-22,086280,현대글로비스,55,11165000
2ETF01,2026-09-23,2026-09-22,323410,카카오뱅크,508,10261600
2ETF01,2026-09-23,2026-09-22,180640,한진칼,70,10045000
2ETF01,2026-09-23,2026-09-22,011200,HMM,467,9900400
2ETF01,2026-09-23,2026-09-22,003670,포스코퓨처엠,53,9762600
2ETF01,2026-09-23,2026-09-22,010950,S-Oil,62,9566600
2ETF01,2026-09-23,2026-09-22,007660,이수페타시스,81,9144900
2ETF01,2026-09-23,2026-09-22,259960,크래프톤,42,8484000
2ETF01,2026-09-23,2026-09-22,016360,삼성증권,91,8253700
2ETF01,2026-09-23,2026-09-22,006260,LS,25,8162500
2ETF01,2026-09-23,2026-09-22,272210,한화시스템,105,8127000
2ETF01,2026-09-23,2026-09-22,024110,기업은행,406,8120000
2ETF01,2026-09-23,2026-09-22,021240,코웨이,81,8083800
2ETF01,2026-09-23,2026-09-22,003230,삼양식품,6,7512000
2ETF01,2026-09-23,2026-09-22,078930,GS,67,7410200
2ETF01,2026-09-23,2026-09-22,175330,JB금융지주,232,7145600
2ETF01,2026-09-23,2026-09-22,443060,HD현대마린솔루션,29,7047000
2ETF01,2026-09-23,2026-09-22,000100,유한양행,90,6759000
2ETF01,2026-09-23,2026-09-22,090430,아모레퍼시픽,46,6532000
2ETF01,2026-09-23,2026-09-22,138930,BNK금융지주,405,6330150
2ETF01,2026-09-23,2026-09-22,161390,한국타이어앤테크놀로지,108,6210000
2ETF01,2026-09-23,2026-09-22,039490,키움증권,23,6026000
2ETF01,2026-09-23,2026-09-22,000990,DB하이텍,46,6012200
2ETF01,2026-09-23,2026-09-22,032640,LG유플러스,407,5929990
2ETF01,2026-09-23,2026-09-22,005940,NH투자증권,227,5924700
2ETF01,2026-09-23,2026-09-22,009830,한화솔루션,212,5819400
2ETF01,2026-09-23,2026-09-22,036570,NC,26,5798000
2ETF01,2026-09-23,2026-09-22,352820,하이브,37,5783100
2ETF01,2026-09-23,2026-09-22,267270,HD건설기계,42,5775000
2ETF01,2026-09-23,2026-09-22,047040,대우건설,296,5564800
2ETF01,2026-09-23,2026-09-22,001440,대한전선,176,5561600
2ETF01,2026-09-23,2026-09-22,062040,산일전기,25,5125000
2ETF01,2026-09-23,2026-09-22,064400,LG씨엔에스,71,5083600
2ETF01,2026-09-23,2026-09-22,066970,엘앤에프,46,4986400
2ETF01,2026-09-23,2026-09-22,241560,두산밥캣,78,4547400
2ETF01,2026-09-23,2026-09-22,326030,SK바이오팜,59,4537100
2ETF01,2026-09-23,2026-09-22,128940,한미약품,9,4518000
2ETF01,2026-09-23,2026-09-22,004020,현대제철,126,4485600
2ETF01,2026-09-23,2026-09-22,001450,현대해상,86,4110800
2ETF01,2026-09-23,2026-09-22,034220,LG디스플레이,472,3997840
2ETF01,2026-09-23,2026-09-22,082740,한화엔진,81,3989250
2ETF01,2026-09-23,2026-09-22,047050,포스코인터내셔널,69,3912300
2ETF01,2026-09-23,2026-09-22,052690,한전기술,28,3866800
2ETF01,2026-09-23,2026-09-22,051900,LG생활건강,13,3854500
2ETF01,2026-09-23,2026-09-22,000880,한화,29,3836700
2ETF01,2026-09-23,2026-09-22,010060,OCI홀딩스,20,3760000
2ETF01,2026-09-23,2026-09-22,375500,DL이앤씨,44,3748800
2ETF01,2026-09-23,2026-09-22,139130,iM금융지주,204,3692400
2ETF01,2026-09-23,2026-09-22,271560,오리온,33,3659700
2ETF01,2026-09-23,2026-09-22,161890,한국콜마,25,3652500
2ETF01,2026-09-23,2026-09-22,454910,두산로보틱스,50,3550000
2ETF01,2026-09-23,2026-09-22,307950,현대오토에버,9,3465000
2ETF01,2026-09-23,2026-09-22,011790,SKC,39,3447600
2ETF01,2026-09-23,2026-09-22,192820,코스맥스,12,3240000
2ETF01,2026-09-23,2026-09-22,004170,신세계,9,3217500
2ETF01,2026-09-23,2026-09-22,014680,한솔케미칼,14,3150000
2ETF01,2026-09-23,2026-09-22,012750,에스원,36,3002400
2ETF01,2026-09-23,2026-09-22,017800,현대엘리베이터,38,2815800
2ETF01,2026-09-23,2026-09-22,002380,KCC,6,2805000
2ETF01,2026-09-23,2026-09-22,088350,한화생명,495,2796750
2ETF01,2026-09-23,2026-09-22,001040,CJ,21,2717400
2ETF01,2026-09-23,2026-09-22,483650,달바글로벌,15,2688000
2ETF01,2026-09-23,2026-09-22,0126Z0,삼성에피스홀딩스,8,2652000
2ETF01,2026-09-23,2026-09-22,011780,금호석유화학,22,2578400
2ETF01,2026-09-23,2026-09-22,035250,강원랜드,170,2442900
2ETF01,2026-09-23,2026-09-22,009420,한올바이오파마,53,2435350
2ETF01,2026-09-23,2026-09-22,111770,영원무역,33,2379300
2ETF01,2026-09-23,2026-09-22,377300,카카오페이,55,2252250
2ETF01,2026-09-23,2026-09-22,204320,HL만도,49,2244200
2ETF01,2026-09-23,2026-09-22,139480,이마트,30,2181000
2ETF01,2026-09-23,2026-09-22,008930,한미사이언스,42,2129400
2ETF01,2026-09-23,2026-09-22,097950,CJ제일제당,12,2090400
2ETF01,2026-09-23,2026-09-22,450080,에코프로머티,57,2017800
2ETF01,2026-09-23,2026-09-22,103140,풍산,25,1975000
2ETF01,2026-09-23,2026-09-22,036460,한국가스공사,55,1969000
2ETF01,2026-09-23,2026-09-22,004370,농심,5,1962500
2ETF01,2026-09-23,2026-09-22,028670,팬오션,337,1951230
2ETF01,2026-09-23,2026-09-22,457190,이수스페셜티케미컬,30,1923000
2ETF01,2026-09-23,2026-09-22,008770,호텔신라,46,1863000
2ETF01,2026-09-23,2026-09-22,030000,제일기획,103,1815890
2ETF01,2026-09-23,2026-09-22,112610,씨에스윈드,36,1814400
2ETF01,2026-09-23,2026-09-22,282330,BGF리테일,13,1742000
2ETF01,2026-09-23,2026-09-22,018880,한온시스템,523,1736360
2ETF01,2026-09-23,2026-09-22,029780,삼성카드,40,1714000
2ETF01,2026-09-23,2026-09-22,081660,미스토홀딩스,45,1698750
2ETF01,2026-09-23,2026-09-22,011170,롯데케미칼,27,1687500
2ETF01,2026-09-23,2026-09-22,069960,현대백화점,17,1681300
2ETF01,2026-09-23,2026-09-22,023530,롯데쇼핑,15,1660500
2ETF01,2026-09-23,2026-09-22,120110,코오롱인더,30,1656000
2ETF01,2026-09-23,2026-09-22,071970,HD현대마린엔진,33,1653300
2ETF01,2026-09-23,2026-09-22,251270,넷마블,45,1561500
2ETF01,2026-09-23,2026-09-22,051600,한전KPS,33,1546050
2ETF01,2026-09-23,2026-09-22,007340,DN오토모티브,31,1537600
2ETF01,2026-09-23,2026-09-22,022100,포스코DX,75,1522500
2ETF01,2026-09-23,2026-09-22,383220,F&F,21,1438500
2ETF01,2026-09-23,2026-09-22,302440,SK바이오사이언스,39,1394250
2ETF01,2026-09-23,2026-09-22,009970,영원무역홀딩스,8,1329600
2ETF01,2026-09-23,2026-09-22,298020,효성티앤씨,4,1252000
2ETF01,2026-09-23,2026-09-22,011210,현대위아,23,1228200
2ETF01,2026-09-23,2026-09-22,005850,에스엘,24,1180800
2ETF01,2026-09-23,2026-09-22,026960,동서,46,1173000
2ETF01,2026-09-23,2026-09-22,007070,GS리테일,50,1162500
2ETF01,2026-09-23,2026-09-22,000120,CJ대한통운,16,1140800
2ETF01,2026-09-23,2026-09-22,073240,금호타이어,168,1128960
2ETF01,2026-09-23,2026-09-22,093370,후성,82,1115200
2ETF01,2026-09-23,2026-09-22,004990,롯데지주,42,1029000
2ETF01,2026-09-23,2026-09-22,006280,녹십자,8,986400
2ETF01,2026-09-23,2026-09-22,017960,한국카본,48,986400
2ETF01,2026-09-23,2026-09-22,002790,아모레퍼시픽홀딩스,37,969400
2ETF01,2026-09-23,2026-09-22,004000,롯데정밀화학,22,961400
2ETF01,2026-09-23,2026-09-22,192080,더블유게임즈,16,937600
2ETF01,2026-09-23,2026-09-22,361610,SK아이이테크놀로지,56,905520
2ETF01,2026-09-23,2026-09-22,003240,태광산업,1,902000
2ETF01,2026-09-23,2026-09-22,000240,한국앤컴퍼니,36,885600
2ETF01,2026-09-23,2026-09-22,000210,DL,16,825600
2ETF01,2026-09-23,2026-09-22,001430,세아베스틸지주,18,820800
2ETF01,2026-09-23,2026-09-22,185750,종근당,12,775200
2ETF01,2026-09-23,2026-09-22,069620,대웅제약,7,761600
2ETF01,2026-09-23,2026-09-22,285130,SK케미칼,15,747000
2ETF01,2026-09-23,2026-09-22,001800,오리온홀딩스,30,715500
2ETF01,2026-09-23,2026-09-22,000080,하이트진로,46,693680
2ETF01,2026-09-23,2026-09-22,007310,오뚜기,2,625000
2ETF01,2026-09-23,2026-09-22,034230,파라다이스,65,620750
2ETF01,2026-09-23,2026-09-22,006040,동원산업,15,528000
2ETF01,2026-09-23,2026-09-22,300720,한일시멘트,32,520320
2ETF01,2026-09-23,2026-09-22,069260,TKG휴켐스,32,516800
2ETF01,2026-09-23,2026-09-22,001680,대상,29,516780
2ETF01,2026-09-23,2026-09-22,456040,OCI,7,514500
2ETF01,2026-09-23,2026-09-22,280360,롯데웰푸드,4,495600
2ETF01,2026-09-23,2026-09-22,006650,대한유화,5,484000
2ETF01,2026-09-23,2026-09-22,298050,HS효성첨단소재,3,478200
2ETF01,2026-09-23,2026-09-22,009240,한샘,12,475800
2ETF01,2026-09-23,2026-09-22,005300,롯데칠성,5,474500
2ETF01,2026-09-23,2026-09-22,003090,대웅,29,466900
2ETF01,2026-09-23,2026-09-22,005420,코스모화학,38,384560
2ETF01,2026-09-23,2026-09-22,137310,에스디바이오센서,52,317720
2ETF01,2026-09-23,2026-09-22,0220W0,한화머시너리앤서비스홀딩스,48,314400
2ETF01,2026-09-23,2026-09-22,071320,지역난방공사,4,311600
2ETF01,2026-09-23,2026-09-22,000670,영풍,7,306600
2ETF01,2026-09-23,2026-09-22,002840,미원상사,2,272400
2ETF01,2026-09-23,2026-09-22,008730,율촌화학,16,233120
2ETF01,2026-09-23,2026-09-22,003030,세아제강지주,2,215000
2ETF01,2026-09-23,2026-09-22,002030,아세아,1,212000
2ETF01,2026-09-23,2026-09-22,014820,동원시스템즈,8,168000
2ETF01,2026-09-23,2026-09-22,268280,미원에스씨,1,134600
2ETF07,2026-09-23,2026-09-22,KRD010010001,원화예금,348348,348348
2ETF07,2026-09-23,2026-09-22,005930,삼성전자,2346,648669000
2ETF07,2026-09-23,2026-09-22,000660,SK하이닉스,341,627440000
2ETF07,2026-09-23,2026-09-22,042700,한미반도체,1490,357600000
2ETF07,2026-09-23,2026-09-22,036930,주성엔지니어링,1106,225071000
2ETF07,2026-09-23,2026-09-22,240810,원익IPS,1168,152190400
2ETF07,2026-09-23,2026-09-22,000990,DB하이텍,1082,141417400
2ETF07,2026-09-23,2026-09-22,039030,이오테크닉스,297,140629500
2ETF07,2026-09-23,2026-09-22,058470,리노공업,1760,132000000
2ETF07,2026-09-23,2026-09-22,222800,심텍,890,131809000
2ETF07,2026-09-23,2026-09-22,403870,HPSP,2310,125433000
2ETF07,2026-09-23,2026-09-22,440110,파두,1282,92688600
2ETF07,2026-09-23,2026-09-22,319660,피에스케이,700,91630000
2ETF07,2026-09-23,2026-09-22,080220,제주반도체,1077,81421200
2ETF07,2026-09-23,2026-09-22,067310,하나마이크론,1701,77650650
2ETF07,2026-09-23,2026-09-22,095340,ISC,361,75088000
2ETF07,2026-09-23,2026-09-22,084370,유진테크,488,72907200
2ETF07,2026-09-23,2026-09-22,095610,테스,415,61669000
2ETF07,2026-09-23,2026-09-22,131290,티에스이,197,55357000
2ETF07,2026-09-23,2026-09-22,064760,티씨케이,198,53955000
2ETF07,2026-09-23,2026-09-22,031980,피에스케이홀딩스,253,40024600
2ETF07,2026-09-23,2026-09-22,131970,두산테스나,419,39134600
2ETF01,2026-09-28,2026-09-23,KRD010010001,원화예금,697711,697711
2ETF01,2026-09-28,2026-09-23,005930,삼성전자,6930,1978515000
2ETF01,2026-09-28,2026-09-23,000660,SK하이닉스,844,1571528000
2ETF01,2026-09-28,2026-09-23,402340,SK스퀘어,137,163030000
2ETF01,2026-09-28,2026-09-23,009150,삼성전기,83,125081000
2ETF01,2026-09-28,2026-09-23,105560,KB금융,452,78286400
2ETF01,2026-09-28,2026-09-23,005380,현대차,202,71407000
2ETF01,2026-09-28,2026-09-23,055550,신한지주,605,66126500
2ETF01,2026-09-28,2026-09-23,028260,삼성물산,144,52848000
2ETF01,2026-09-28,2026-09-23,034020,두산에너빌리티,644,52614800
2ETF01,2026-09-28,2026-09-23,012450,한화에어로스페이스,49,50029000
2ETF01,2026-09-28,2026-09-23,086790,하나금융지주,370,49247000
2ETF01,2026-09-28,2026-09-23,006400,삼성SDI,91,47411000
2ETF01,2026-09-28,2026-09-23,000270,기아,363,41890200
2ETF01,2026-09-28,2026-09-23,068270,셀트리온,234,41511600
2ETF01,2026-09-28,2026-09-23,035420,NAVER,199,38745300
2ETF01,2026-09-28,2026-09-23,032830,삼성생명,126,37107000
2ETF01,2026-09-28,2026-09-23,316140,우리금융지주,1005,35526750
2ETF01,2026-09-28,2026-09-23,012330,현대모비스,92,33810000
2ETF01,2026-09-28,2026-09-23,066570,LG전자,161,33649000
2ETF01,2026-09-28,2026-09-23,034730,SK,53,32383000
2ETF01,2026-09-28,2026-09-23,005490,POSCO홀딩스,101,31461500
2ETF01,2026-09-28,2026-09-23,000810,삼성화재,44,28512000
2ETF01,2026-09-28,2026-09-23,373220,LG에너지솔루션,74,26011000
2ETF01,2026-09-28,2026-09-23,267260,HD현대일렉트릭,34,24072000
2ETF01,2026-09-28,2026-09-23,010120,LS ELECTRIC,117,24043500
2ETF01,2026-09-28,2026-09-23,033780,KT&G,134,23356200
2ETF01,2026-09-28,2026-09-23,009540,HD한국조선해양,70,23275000
2ETF01,2026-09-28,2026-09-23,329180,HD현대중공업,49,21609000
2ETF01,2026-09-28,2026-09-23,207940,삼성바이오로직스,15,20490000
2ETF01,2026-09-28,2026-09-23,298040,효성중공업,7,20272000
2ETF01,2026-09-28,2026-09-23,010140,삼성중공업,989,20027250
2ETF01,2026-09-28,2026-09-23,017670,SK텔레콤,222,19336200
2ETF01,2026-09-28,2026-09-23,051910,LG화학,69,17422500
2ETF01,2026-09-28,2026-09-23,030200,KT,329,17338300
2ETF01,2026-09-28,2026-09-23,035720,카카오,505,16892250
2ETF01,2026-09-28,2026-09-23,096770,SK이노베이션,112,16710400
2ETF01,2026-09-28,2026-09-23,042660,한화오션,198,15760800
2ETF01,2026-09-28,2026-09-23,042700,한미반도체,63,15340500
2ETF01,2026-09-28,2026-09-23,000150,두산,10,15120000
2ETF01,2026-09-28,2026-09-23,003550,LG,134,14994600
2ETF01,2026-09-28,2026-09-23,015760,한국전력,472,14278000
2ETF01,2026-09-28,2026-09-23,079550,LIG디펜스앤에어로스페이스,20,13840000
2ETF01,2026-09-28,2026-09-23,138040,메리츠금융지주,110,13816000
2ETF01,2026-09-28,2026-09-23,267250,HD현대,67,13768500
2ETF01,2026-09-28,2026-09-23,047810,한국항공우주,105,13387500
2ETF01,2026-09-28,2026-09-23,000720,현대건설,110,13321000
2ETF01,2026-09-28,2026-09-23,278470,에이피알,36,13266000
2ETF01,2026-09-28,2026-09-23,064350,현대로템,110,12749000
2ETF01,2026-09-28,2026-09-23,006800,미래에셋증권,391,12609750
2ETF01,2026-09-28,2026-09-23,018260,삼성에스디에스,57,12568500
2ETF01,2026-09-28,2026-09-23,010130,고려아연,11,12276000
2ETF01,2026-09-28,2026-09-23,003490,대한항공,381,12001500
2ETF01,2026-09-28,2026-09-23,028050,삼성E&A,235,11597250
2ETF01,2026-09-28,2026-09-23,071050,한국금융지주,61,11370400
2ETF01,2026-09-28,2026-09-23,005830,DB손해보험,61,11260600
2ETF01,2026-09-28,2026-09-23,011070,LG이노텍,21,11235000
2ETF01,2026-09-28,2026-09-23,086280,현대글로비스,55,10829500
2ETF01,2026-09-28,2026-09-23,323410,카카오뱅크,508,10119360
2ETF01,2026-09-28,2026-09-23,180640,한진칼,70,9807000
2ETF01,2026-09-28,2026-09-23,011200,HMM,467,9713600
2ETF01,2026-09-28,2026-09-23,010950,S-Oil,62,9647200
2ETF01,2026-09-28,2026-09-23,007660,이수페타시스,81,9630900
2ETF01,2026-09-28,2026-09-23,003670,포스코퓨처엠,53,9534700
2ETF01,2026-09-28,2026-09-23,259960,크래프톤,42,8316000
2ETF01,2026-09-28,2026-09-23,016360,삼성증권,91,8290100
2ETF01,2026-09-28,2026-09-23,024110,기업은행,406,8282400
2ETF01,2026-09-28,2026-09-23,021240,코웨이,81,8083800
2ETF01,2026-09-28,2026-09-23,006260,LS,25,8037500
2ETF01,2026-09-28,2026-09-23,272210,한화시스템,105,7759500
2ETF01,2026-09-28,2026-09-23,078930,GS,67,7416900
2ETF01,2026-09-28,2026-09-23,003230,삼양식품,6,7290000
2ETF01,2026-09-28,2026-09-23,175330,JB금융지주,232,6994800
2ETF01,2026-09-28,2026-09-23,443060,HD현대마린솔루션,29,6931000
2ETF01,2026-09-28,2026-09-23,000100,유한양행,90,6669000
2ETF01,2026-09-28,2026-09-23,090430,아모레퍼시픽,46,6555000
2ETF01,2026-09-28,2026-09-23,138930,BNK금융지주,405,6467850
2ETF01,2026-09-28,2026-09-23,009830,한화솔루션,212,6190400
2ETF01,2026-09-28,2026-09-23,161390,한국타이어앤테크놀로지,108,6188400
2ETF01,2026-09-28,2026-09-23,039490,키움증권,23,6118000
2ETF01,2026-09-28,2026-09-23,000990,DB하이텍,46,6072000
2ETF01,2026-09-28,2026-09-23,032640,LG유플러스,407,5958480
2ETF01,2026-09-28,2026-09-23,005940,NH투자증권,227,5902000
2ETF01,2026-09-28,2026-09-23,352820,하이브,37,5801600
2ETF01,2026-09-28,2026-09-23,036570,NC,26,5512000
2ETF01,2026-09-28,2026-09-23,267270,HD건설기계,42,5447400
2ETF01,2026-09-28,2026-09-23,001440,대한전선,176,5447200
2ETF01,2026-09-28,2026-09-23,047040,대우건설,296,5162240
2ETF01,2026-09-28,2026-09-23,062040,산일전기,25,5137500
2ETF01,2026-09-28,2026-09-23,066970,엘앤에프,46,5018600
2ETF01,2026-09-28,2026-09-23,064400,LG씨엔에스,71,4927400
2ETF01,2026-09-28,2026-09-23,128940,한미약품,9,4680000
2ETF01,2026-09-28,2026-09-23,241560,두산밥캣,78,4500600
2ETF01,2026-09-28,2026-09-23,326030,SK바이오팜,59,4478100
2ETF01,2026-09-28,2026-09-23,010060,OCI홀딩스,20,4120000
2ETF01,2026-09-28,2026-09-23,001450,현대해상,86,4089300
2ETF01,2026-09-28,2026-09-23,004020,현대제철,126,4025700
2ETF01,2026-09-28,2026-09-23,034220,LG디스플레이,472,4007280
2ETF01,2026-09-28,2026-09-23,082740,한화엔진,81,3855600
2ETF01,2026-09-28,2026-09-23,047050,포스코인터내셔널,69,3815700
2ETF01,2026-09-28,2026-09-23,051900,LG생활건강,13,3802500
2ETF01,2026-09-28,2026-09-23,000880,한화,29,3770000
2ETF01,2026-09-28,2026-09-23,161890,한국콜마,25,3675000
2ETF01,2026-09-28,2026-09-23,052690,한전기술,28,3651200
2ETF01,2026-09-28,2026-09-23,271560,오리온,33,3633300
2ETF01,2026-09-28,2026-09-23,139130,iM금융지주,204,3633240
2ETF01,2026-09-28,2026-09-23,375500,DL이앤씨,44,3559600
2ETF01,2026-09-28,2026-09-23,454910,두산로보틱스,50,3540000
2ETF01,2026-09-28,2026-09-23,011790,SKC,39,3486600
2ETF01,2026-09-28,2026-09-23,307950,현대오토에버,9,3397500
2ETF01,2026-09-28,2026-09-23,014680,한솔케미칼,14,3311000
2ETF01,2026-09-28,2026-09-23,192820,코스맥스,12,3264000
2ETF01,2026-09-28,2026-09-23,004170,신세계,9,3123000
2ETF01,2026-09-28,2026-09-23,012750,에스원,36,2998800
2ETF01,2026-09-28,2026-09-23,002380,KCC,6,2856000
2ETF01,2026-09-28,2026-09-23,017800,현대엘리베이터,38,2800600
2ETF01,2026-09-28,2026-09-23,088350,한화생명,495,2791800
2ETF01,2026-09-28,2026-09-23,483650,달바글로벌,15,2731500
2ETF01,2026-09-28,2026-09-23,001040,CJ,21,2730000
2ETF01,2026-09-28,2026-09-23,0126Z0,삼성에피스홀딩스,8,2640000
2ETF01,2026-09-28,2026-09-23,011780,금호석유화학,22,2571800
2ETF01,2026-09-28,2026-09-23,009420,한올바이오파마,53,2469800
2ETF01,2026-09-28,2026-09-23,035250,강원랜드,170,2434400
2ETF01,2026-09-28,2026-09-23,111770,영원무역,33,2286900
2ETF01,2026-09-28,2026-09-23,377300,카카오페이,55,2235750
2ETF01,2026-09-28,2026-09-23,204320,HL만도,49,2229500
2ETF01,2026-09-28,2026-09-23,008930,한미사이언스,42,2188200
2ETF01,2026-09-28,2026-09-23,139480,이마트,30,2142000
2ETF01,2026-09-28,2026-09-23,097950,CJ제일제당,12,2109600
2ETF01,2026-09-28,2026-09-23,450080,에코프로머티,57,1992150
2ETF01,2026-09-28,2026-09-23,036460,한국가스공사,55,1958000
2ETF01,2026-09-28,2026-09-23,004370,농심,5,1950000
2ETF01,2026-09-28,2026-09-23,103140,풍산,25,1917500
2ETF01,2026-09-28,2026-09-23,457190,이수스페셜티케미컬,30,1914000
2ETF01,2026-09-28,2026-09-23,028670,팬오션,337,1887200
2ETF01,2026-09-28,2026-09-23,008770,호텔신라,46,1846900
2ETF01,2026-09-28,2026-09-23,030000,제일기획,103,1821040
2ETF01,2026-09-28,2026-09-23,112610,씨에스윈드,36,1803600
2ETF01,2026-09-28,2026-09-23,282330,BGF리테일,13,1727700
2ETF01,2026-09-28,2026-09-23,081660,미스토홀딩스,45,1698750
2ETF01,2026-09-28,2026-09-23,029780,삼성카드,40,1698000
2ETF01,2026-09-28,2026-09-23,018880,한온시스템,523,1684060
2ETF01,2026-09-28,2026-09-23,069960,현대백화점,17,1638800
2ETF01,2026-09-28,2026-09-23,120110,코오롱인더,30,1626000
2ETF01,2026-09-28,2026-09-23,011170,롯데케미칼,27,1625400
2ETF01,2026-09-28,2026-09-23,071970,HD현대마린엔진,33,1617000
2ETF01,2026-09-28,2026-09-23,023530,롯데쇼핑,15,1558500
2ETF01,2026-09-28,2026-09-23,251270,넷마블,45,1545750
2ETF01,2026-09-28,2026-09-23,051600,한전KPS,33,1509750
2ETF01,2026-09-28,2026-09-23,022100,포스코DX,75,1499250
2ETF01,2026-09-28,2026-09-23,007340,DN오토모티브,31,1484900
2ETF01,2026-09-28,2026-09-23,383220,F&F,21,1423800
2ETF01,2026-09-28,2026-09-23,302440,SK바이오사이언스,39,1394250
2ETF01,2026-09-28,2026-09-23,009970,영원무역홀딩스,8,1307200
2ETF01,2026-09-28,2026-09-23,298020,효성티앤씨,4,1246000
2ETF01,2026-09-28,2026-09-23,011210,현대위아,23,1207500
2ETF01,2026-09-28,2026-09-23,026960,동서,46,1166100
2ETF01,2026-09-28,2026-09-23,005850,에스엘,24,1159200
2ETF01,2026-09-28,2026-09-23,093370,후성,82,1143900
2ETF01,2026-09-28,2026-09-23,007070,GS리테일,50,1140000
2ETF01,2026-09-28,2026-09-23,000120,CJ대한통운,16,1116800
2ETF01,2026-09-28,2026-09-23,073240,금호타이어,168,1103760
2ETF01,2026-09-28,2026-09-23,004990,롯데지주,42,1024800
2ETF01,2026-09-28,2026-09-23,006280,녹십자,8,986400
2ETF01,2026-09-28,2026-09-23,002790,아모레퍼시픽홀딩스,37,974950
2ETF01,2026-09-28,2026-09-23,017960,한국카본,48,972000
2ETF01,2026-09-28,2026-09-23,361610,SK아이이테크놀로지,56,961520
2ETF01,2026-09-28,2026-09-23,004000,롯데정밀화학,22,948200
2ETF01,2026-09-28,2026-09-23,192080,더블유게임즈,16,932800
2ETF01,2026-09-28,2026-09-23,003240,태광산업,1,910000
2ETF01,2026-09-28,2026-09-23,000240,한국앤컴퍼니,36,887400
2ETF01,2026-09-28,2026-09-23,000210,DL,16,808000
2ETF01,2026-09-28,2026-09-23,001430,세아베스틸지주,18,797400
2ETF01,2026-09-28,2026-09-23,185750,종근당,12,778800
2ETF01,2026-09-28,2026-09-23,285130,SK케미칼,15,750000
2ETF01,2026-09-28,2026-09-23,069620,대웅제약,7,743400
2ETF01,2026-09-28,2026-09-23,001800,오리온홀딩스,30,712500
2ETF01,2026-09-28,2026-09-23,000080,하이트진로,46,691380
2ETF01,2026-09-28,2026-09-23,007310,오뚜기,2,623000
2ETF01,2026-09-28,2026-09-23,034230,파라다이스,65,620100
2ETF01,2026-09-28,2026-09-23,456040,OCI,7,538300
2ETF01,2026-09-28,2026-09-23,006040,동원산업,15,528000
2ETF01,2026-09-28,2026-09-23,069260,TKG휴켐스,32,518400
2ETF01,2026-09-28,2026-09-23,001680,대상,29,516490
2ETF01,2026-09-28,2026-09-23,300720,한일시멘트,32,516160
2ETF01,2026-09-28,2026-09-23,280360,롯데웰푸드,4,497200
2ETF01,2026-09-28,2026-09-23,005300,롯데칠성,5,479000
2ETF01,2026-09-28,2026-09-23,298050,HS효성첨단소재,3,478500
2ETF01,2026-09-28,2026-09-23,009240,한샘,12,477600
2ETF01,2026-09-28,2026-09-23,003090,대웅,29,460810
2ETF01,2026-09-28,2026-09-23,006650,대한유화,5,454000
2ETF01,2026-09-28,2026-09-23,005420,코스모화학,38,390640
2ETF01,2026-09-28,2026-09-23,137310,에스디바이오센서,52,315640
2ETF01,2026-09-28,2026-09-23,071320,지역난방공사,4,312800
2ETF01,2026-09-28,2026-09-23,0220W0,한화머시너리앤서비스홀딩스,48,307200
2ETF01,2026-09-28,2026-09-23,000670,영풍,7,303100
2ETF01,2026-09-28,2026-09-23,002840,미원상사,2,273200
2ETF01,2026-09-28,2026-09-23,008730,율촌화학,16,237920
2ETF01,2026-09-28,2026-09-23,002030,아세아,1,213500
2ETF01,2026-09-28,2026-09-23,003030,세아제강지주,2,202000
2ETF01,2026-09-28,2026-09-23,014820,동원시스템즈,8,166400
2ETF01,2026-09-28,2026-09-23,268280,미원에스씨,1,133600
2ETF07,2026-09-28,2026-09-23,KRD010010001,원화예금,552956,552956
2ETF07,2026-09-28,2026-09-23,005930,삼성전자,2346,669783000
2ETF07,2026-09-28,2026-09-23,000660,SK하이닉스,341,634942000
2ETF07,2026-09-28,2026-09-23,042700,한미반도체,1490,362815000
2ETF07,2026-09-28,2026-09-23,036930,주성엔지니어링,1106,231707000
2ETF07,2026-09-28,2026-09-23,240810,원익IPS,1168,156161600
2ETF07,2026-09-28,2026-09-23,039030,이오테크닉스,297,143005500
2ETF07,2026-09-28,2026-09-23,000990,DB하이텍,1082,142824000
2ETF07,2026-09-28,2026-09-23,222800,심텍,890,133055000
2ETF07,2026-09-28,2026-09-23,058470,리노공업,1760,130768000
2ETF07,2026-09-28,2026-09-23,403870,HPSP,2310,128205000
2ETF07,2026-09-28,2026-09-23,440110,파두,1282,104611200
2ETF07,2026-09-28,2026-09-23,319660,피에스케이,700,101360000
2ETF07,2026-09-28,2026-09-23,080220,제주반도체,1077,83575200
2ETF07,2026-09-28,2026-09-23,084370,유진테크,488,79836800
2ETF07,2026-09-28,2026-09-23,067310,하나마이크론,1701,78586200
2ETF07,2026-09-28,2026-09-23,095340,ISC,361,76712500
2ETF07,2026-09-28,2026-09-23,095610,테스,415,67188500
2ETF07,2026-09-28,2026-09-23,131290,티에스이,197,56933000
2ETF07,2026-09-28,2026-09-23,064760,티씨케이,198,56628000
2ETF07,2026-09-28,2026-09-23,031980,피에스케이홀딩스,253,41289600
2ETF07,2026-09-28,2026-09-23,131970,두산테스나,419,39260300
2ETF01,2026-09-29,2026-09-28,KRD010010001,원화예금,2107254,2107254
2ETF01,2026-09-29,2026-09-28,005930,삼성전자,6969,1881630000
2ETF01,2026-09-29,2026-09-28,000660,SK하이닉스,849,1501032000
2ETF01,2026-09-29,2026-09-28,402340,SK스퀘어,137,150700000
2ETF01,2026-09-29,2026-09-28,009150,삼성전기,83,124417000
2ETF01,2026-09-29,2026-09-28,105560,KB금융,455,79261000
2ETF01,2026-09-29,2026-09-28,005380,현대차,203,71963500
2ETF01,2026-09-29,2026-09-28,055550,신한지주,609,67781700
2ETF01,2026-09-29,2026-09-28,034020,두산에너빌리티,648,53136000
2ETF01,2026-09-29,2026-09-28,012450,한화에어로스페이스,49,50666000
2ETF01,2026-09-29,2026-09-28,086790,하나금융지주,368,49790400
2ETF01,2026-09-29,2026-09-28,028260,삼성물산,144,49752000
2ETF01,2026-09-29,2026-09-28,006400,삼성SDI,91,48503000
2ETF01,2026-09-29,2026-09-28,000270,기아,365,42924000
2ETF01,2026-09-29,2026-09-28,068270,셀트리온,235,41900500
2ETF01,2026-09-29,2026-09-28,035420,NAVER,200,39540000
2ETF01,2026-09-29,2026-09-28,032830,삼성생명,127,37592000
2ETF01,2026-09-29,2026-09-28,316140,우리금융지주,1012,36836800
2ETF01,2026-09-29,2026-09-28,066570,LG전자,162,34749000
2ETF01,2026-09-29,2026-09-28,012330,현대모비스,92,34316000
2ETF01,2026-09-29,2026-09-28,005490,POSCO홀딩스,102,32283000
2ETF01,2026-09-29,2026-09-28,034730,SK,54,31212000
2ETF01,2026-09-29,2026-09-28,000810,삼성화재,44,29084000
2ETF01,2026-09-29,2026-09-28,373220,LG에너지솔루션,74,26936000
2ETF01,2026-09-29,2026-09-28,010120,LS ELECTRIC,118,24131000
2ETF01,2026-09-29,2026-09-28,033780,KT&G,135,23679000
2ETF01,2026-09-29,2026-09-28,267260,HD현대일렉트릭,34,23562000
2ETF01,2026-09-29,2026-09-28,009540,HD한국조선해양,70,23240000
2ETF01,2026-09-29,2026-09-28,329180,HD현대중공업,49,21658000
2ETF01,2026-09-29,2026-09-28,207940,삼성바이오로직스,15,21000000
2ETF01,2026-09-29,2026-09-28,010140,삼성중공업,996,20019600
2ETF01,2026-09-29,2026-09-28,017670,SK텔레콤,224,19756800
2ETF01,2026-09-29,2026-09-28,298040,효성중공업,7,19460000
2ETF01,2026-09-29,2026-09-28,051910,LG화학,69,18112500
2ETF01,2026-09-29,2026-09-28,096770,SK이노베이션,112,17718400
2ETF01,2026-09-29,2026-09-28,030200,KT,331,17509900
2ETF01,2026-09-29,2026-09-28,035720,카카오,508,17348200
2ETF01,2026-09-29,2026-09-28,042660,한화오션,199,15920000
2ETF01,2026-09-29,2026-09-28,000150,두산,11,15653000
2ETF01,2026-09-29,2026-09-28,003550,LG,135,15390000
2ETF01,2026-09-29,2026-09-28,138040,메리츠금융지주,111,14807400
2ETF01,2026-09-29,2026-09-28,042700,한미반도체,63,14773500
2ETF01,2026-09-29,2026-09-28,015760,한국전력,475,14582500
2ETF01,2026-09-29,2026-09-28,267250,HD현대,68,14212000
2ETF01,2026-09-29,2026-09-28,079550,LIG디펜스앤에어로스페이스,20,13860000
2ETF01,2026-09-29,2026-09-28,000720,현대건설,111,13830600
2ETF01,2026-09-29,2026-09-28,047810,한국항공우주,106,13737600
2ETF01,2026-09-29,2026-09-28,278470,에이피알,37,13634500
2ETF01,2026-09-29,2026-09-28,064350,현대로템,110,12727000
2ETF01,2026-09-29,2026-09-28,006800,미래에셋증권,393,12497400
2ETF01,2026-09-29,2026-09-28,018260,삼성에스디에스,57,12483000
2ETF01,2026-09-29,2026-09-28,003490,대한항공,383,12141100
2ETF01,2026-09-29,2026-09-28,011070,LG이노텍,21,12138000
2ETF01,2026-09-29,2026-09-28,010130,고려아연,11,12122000
2ETF01,2026-09-29,2026-09-28,028050,삼성E&A,237,11850000
2ETF01,2026-09-29,2026-09-28,005830,DB손해보험,61,11644900
2ETF01,2026-09-29,2026-09-28,071050,한국금융지주,61,11095900
2ETF01,2026-09-29,2026-09-28,086280,현대글로비스,55,10950500
2ETF01,2026-09-29,2026-09-28,323410,카카오뱅크,511,10475500
2ETF01,2026-09-29,2026-09-28,010950,S-Oil,63,10218600
2ETF01,2026-09-29,2026-09-28,180640,한진칼,71,10032300
2ETF01,2026-09-29,2026-09-28,003670,포스코퓨처엠,54,10000800
2ETF01,2026-09-29,2026-09-28,011200,HMM,470,9987500
2ETF01,2026-09-29,2026-09-28,007660,이수페타시스,82,9208600
2ETF01,2026-09-29,2026-09-28,024110,기업은행,409,8548100
2ETF01,2026-09-29,2026-09-28,259960,크래프톤,42,8484000
2ETF01,2026-09-29,2026-09-28,021240,코웨이,81,8229600
2ETF01,2026-09-29,2026-09-28,016360,삼성증권,92,8169600
2ETF01,2026-09-29,2026-09-28,006260,LS,25,7825000
2ETF01,2026-09-29,2026-09-28,078930,GS,67,7624600
2ETF01,2026-09-29,2026-09-28,272210,한화시스템,105,7602000
2ETF01,2026-09-29,2026-09-28,175330,JB금융지주,234,7300800
2ETF01,2026-09-29,2026-09-28,003230,삼양식품,6,7290000
2ETF01,2026-09-29,2026-09-28,009830,한화솔루션,214,7136900
2ETF01,2026-09-29,2026-09-28,443060,HD현대마린솔루션,29,7119500
2ETF01,2026-09-29,2026-09-28,090430,아모레퍼시픽,47,6706900
2ETF01,2026-09-29,2026-09-28,138930,BNK금융지주,403,6665620
2ETF01,2026-09-29,2026-09-28,161390,한국타이어앤테크놀로지,108,6469200
2ETF01,2026-09-29,2026-09-28,000100,유한양행,83,6200100
2ETF01,2026-09-29,2026-09-28,352820,하이브,38,6152200
2ETF01,2026-09-29,2026-09-28,032640,LG유플러스,410,6055700
2ETF01,2026-09-29,2026-09-28,005940,NH투자증권,228,5939400
2ETF01,2026-09-29,2026-09-28,039490,키움증권,23,5911000
2ETF01,2026-09-29,2026-09-28,000990,DB하이텍,46,5846600
2ETF01,2026-09-29,2026-09-28,036570,NC,26,5616000
2ETF01,2026-09-29,2026-09-28,047040,대우건설,298,5566640
2ETF01,2026-09-29,2026-09-28,267270,HD건설기계,42,5418000
2ETF01,2026-09-29,2026-09-28,001440,대한전선,177,5292300
2ETF01,2026-09-29,2026-09-28,066970,엘앤에프,46,5257800
2ETF01,2026-09-29,2026-09-28,064400,LG씨엔에스,72,5054400
2ETF01,2026-09-29,2026-09-28,062040,산일전기,25,5025000
2ETF01,2026-09-29,2026-09-28,010060,OCI홀딩스,20,4570000
2ETF01,2026-09-29,2026-09-28,128940,한미약품,9,4536000
2ETF01,2026-09-29,2026-09-28,241560,두산밥캣,78,4531800
2ETF01,2026-09-29,2026-09-28,326030,SK바이오팜,59,4495800
2ETF01,2026-09-29,2026-09-28,001450,현대해상,86,4209700
2ETF01,2026-09-29,2026-09-28,051900,LG생활건강,14,4081000
2ETF01,2026-09-29,2026-09-28,034220,LG디스플레이,475,4013750
2ETF01,2026-09-29,2026-09-28,004020,현대제철,127,3968750
2ETF01,2026-09-29,2026-09-28,000880,한화,30,3951000
2ETF01,2026-09-29,2026-09-28,047050,포스코인터내셔널,69,3926100
2ETF01,2026-09-29,2026-09-28,082740,한화엔진,82,3907300
2ETF01,2026-09-29,2026-09-28,139130,iM금융지주,206,3889280
2ETF01,2026-09-29,2026-09-28,161890,한국콜마,26,3858400
2ETF01,2026-09-29,2026-09-28,307950,현대오토에버,10,3760000
2ETF01,2026-09-29,2026-09-28,271560,오리온,33,3679500
2ETF01,2026-09-29,2026-09-28,375500,DL이앤씨,44,3608000
2ETF01,2026-09-29,2026-09-28,011790,SKC,39,3572400
2ETF01,2026-09-29,2026-09-28,052690,한전기술,28,3533600
2ETF01,2026-09-29,2026-09-28,454910,두산로보틱스,50,3470000
2ETF01,2026-09-29,2026-09-28,014680,한솔케미칼,14,3318000
2ETF01,2026-09-29,2026-09-28,192820,코스맥스,12,3252000
2ETF01,2026-09-29,2026-09-28,004170,신세계,9,3091500
2ETF01,2026-09-29,2026-09-28,012750,에스원,37,3082100
2ETF01,2026-09-29,2026-09-28,088350,한화생명,498,2898360
2ETF01,2026-09-29,2026-09-28,002380,KCC,6,2880000
2ETF01,2026-09-29,2026-09-28,001040,CJ,21,2841300
2ETF01,2026-09-29,2026-09-28,017800,현대엘리베이터,38,2808200
2ETF01,2026-09-29,2026-09-28,483650,달바글로벌,15,2757000
2ETF01,2026-09-29,2026-09-28,0126Z0,삼성에피스홀딩스,8,2656000
2ETF01,2026-09-29,2026-09-28,011780,금호석유화학,22,2604800
2ETF01,2026-09-29,2026-09-28,035250,강원랜드,171,2470950
2ETF01,2026-09-29,2026-09-28,111770,영원무역,33,2356200
2ETF01,2026-09-29,2026-09-28,009420,한올바이오파마,54,2343600
2ETF01,2026-09-29,2026-09-28,204320,HL만도,49,2276050
2ETF01,2026-09-29,2026-09-28,377300,카카오페이,55,2263250
2ETF01,2026-09-29,2026-09-28,008930,한미사이언스,42,2200800
2ETF01,2026-09-29,2026-09-28,139480,이마트,30,2163000
2ETF01,2026-09-29,2026-09-28,097950,CJ제일제당,12,2149200
2ETF01,2026-09-29,2026-09-28,450080,에코프로머티,58,2076400
2ETF01,2026-09-29,2026-09-28,457190,이수스페셜티케미컬,31,2011900
2ETF01,2026-09-29,2026-09-28,036460,한국가스공사,56,1988000
2ETF01,2026-09-29,2026-09-28,004370,농심,5,1985000
2ETF01,2026-09-29,2026-09-28,103140,풍산,25,1947500
2ETF01,2026-09-29,2026-09-28,028670,팬오션,339,1932300
2ETF01,2026-09-29,2026-09-28,112610,씨에스윈드,36,1904400
2ETF01,2026-09-29,2026-09-28,008770,호텔신라,46,1858400
2ETF01,2026-09-29,2026-09-28,030000,제일기획,104,1852240
2ETF01,2026-09-29,2026-09-28,081660,미스토홀딩스,46,1759500
2ETF01,2026-09-29,2026-09-28,018880,한온시스템,527,1736465
2ETF01,2026-09-29,2026-09-28,029780,삼성카드,40,1734000
2ETF01,2026-09-29,2026-09-28,282330,BGF리테일,13,1732900
2ETF01,2026-09-29,2026-09-28,120110,코오롱인더,30,1686000
2ETF01,2026-09-29,2026-09-28,011170,롯데케미칼,27,1682100
2ETF01,2026-09-29,2026-09-28,069960,현대백화점,18,1641600
2ETF01,2026-09-29,2026-09-28,251270,넷마블,46,1633000
2ETF01,2026-09-29,2026-09-28,071970,HD현대마린엔진,33,1620300
2ETF01,2026-09-29,2026-09-28,007340,DN오토모티브,31,1571700
2ETF01,2026-09-29,2026-09-28,023530,롯데쇼핑,15,1539000
2ETF01,2026-09-29,2026-09-28,022100,포스코DX,76,1535200
2ETF01,2026-09-29,2026-09-28,051600,한전KPS,33,1531200
2ETF01,2026-09-29,2026-09-28,383220,F&F,21,1461600
2ETF01,2026-09-29,2026-09-28,302440,SK바이오사이언스,39,1421550
2ETF01,2026-09-29,2026-09-28,009970,영원무역홀딩스,8,1345600
2ETF01,2026-09-29,2026-09-28,298020,효성티앤씨,4,1258000
2ETF01,2026-09-29,2026-09-28,011210,현대위아,23,1242000
2ETF01,2026-09-29,2026-09-28,005850,에스엘,24,1214400
2ETF01,2026-09-29,2026-09-28,026960,동서,47,1212600
2ETF01,2026-09-29,2026-09-28,000120,CJ대한통운,17,1203600
2ETF01,2026-09-29,2026-09-28,093370,후성,83,1162000
2ETF01,2026-09-29,2026-09-28,073240,금호타이어,169,1150890
2ETF01,2026-09-29,2026-09-28,007070,GS리테일,50,1150000
2ETF01,2026-09-29,2026-09-28,361610,SK아이이테크놀로지,57,1040250
2ETF01,2026-09-29,2026-09-28,004990,롯데지주,42,1031100
2ETF01,2026-09-29,2026-09-28,002790,아모레퍼시픽홀딩스,37,986050
2ETF01,2026-09-29,2026-09-28,006280,녹십자,8,985600
2ETF01,2026-09-29,2026-09-28,017960,한국카본,48,979200
2ETF01,2026-09-29,2026-09-28,004000,롯데정밀화학,22,975700
2ETF01,2026-09-29,2026-09-28,192080,더블유게임즈,16,942400
2ETF01,2026-09-29,2026-09-28,000240,한국앤컴퍼니,36,907200
2ETF01,2026-09-29,2026-09-28,003240,태광산업,1,902000
2ETF01,2026-09-29,2026-09-28,000210,DL,16,836800
2ETF01,2026-09-29,2026-09-28,001430,세아베스틸지주,18,802800
2ETF01,2026-09-29,2026-09-28,185750,종근당,12,784800
2ETF01,2026-09-29,2026-09-28,285130,SK케미칼,15,781500
2ETF01,2026-09-29,2026-09-28,069620,대웅제약,7,758100
2ETF01,2026-09-29,2026-09-28,001800,오리온홀딩스,30,726000
2ETF01,2026-09-29,2026-09-28,000080,하이트진로,47,711580
2ETF01,2026-09-29,2026-09-28,007310,오뚜기,2,642000
2ETF01,2026-09-29,2026-09-28,034230,파라다이스,66,636900
2ETF01,2026-09-29,2026-09-28,456040,OCI,7,557900
2ETF01,2026-09-29,2026-09-28,006040,동원산업,15,543750
2ETF01,2026-09-29,2026-09-28,069260,TKG휴켐스,33,540540
2ETF01,2026-09-29,2026-09-28,001680,대상,29,532440
2ETF01,2026-09-29,2026-09-28,300720,한일시멘트,32,524160
2ETF01,2026-09-29,2026-09-28,280360,롯데웰푸드,4,505200
2ETF01,2026-09-29,2026-09-28,298050,HS효성첨단소재,3,500100
2ETF01,2026-09-29,2026-09-28,009240,한샘,12,489000
2ETF01,2026-09-29,2026-09-28,005300,롯데칠성,5,483000
2ETF01,2026-09-29,2026-09-28,003090,대웅,29,462550
2ETF01,2026-09-29,2026-09-28,006650,대한유화,5,461500
2ETF01,2026-09-29,2026-09-28,005420,코스모화학,38,397860
2ETF01,2026-09-29,2026-09-28,137310,에스디바이오센서,53,323830
2ETF01,2026-09-29,2026-09-28,071320,지역난방공사,4,316400
2ETF01,2026-09-29,2026-09-28,000670,영풍,7,300650
2ETF01,2026-09-29,2026-09-28,0220W0,한화머시너리앤서비스홀딩스,47,286700
2ETF01,2026-09-29,2026-09-28,002840,미원상사,2,277200
2ETF01,2026-09-29,2026-09-28,008730,율촌화학,16,235200
2ETF01,2026-09-29,2026-09-28,003030,세아제강지주,2,215000
2ETF01,2026-09-29,2026-09-28,002030,아세아,1,206500
2ETF01,2026-09-29,2026-09-28,014820,동원시스템즈,8,170800
2ETF01,2026-09-29,2026-09-28,268280,미원에스씨,1,132100
2ETF07,2026-09-29,2026-09-28,KRD010010001,원화예금,11040115,11040115
2ETF07,2026-09-29,2026-09-28,005930,삼성전자,2346,633420000
2ETF07,2026-09-29,2026-09-28,000660,SK하이닉스,341,602888000
2ETF07,2026-09-29,2026-09-28,042700,한미반도체,1490,349405000
2ETF07,2026-09-29,2026-09-28,036930,주성엔지니어링,1106,231154000
2ETF07,2026-09-29,2026-09-28,240810,원익IPS,1168,143897600
2ETF07,2026-09-29,2026-09-28,039030,이오테크닉스,297,139144500
2ETF07,2026-09-29,2026-09-28,000990,DB하이텍,1082,137522200
2ETF07,2026-09-29,2026-09-28,222800,심텍,890,131008000
2ETF07,2026-09-29,2026-09-28,403870,HPSP,2310,129360000
2ETF07,2026-09-29,2026-09-28,058470,리노공업,1760,125312000
2ETF07,2026-09-29,2026-09-28,440110,파두,1282,103713800
2ETF07,2026-09-29,2026-09-28,319660,피에스케이,700,98700000
2ETF07,2026-09-29,2026-09-28,080220,제주반도체,1077,80344200
2ETF07,2026-09-29,2026-09-28,067310,하나마이크론,1701,78160950
2ETF07,2026-09-29,2026-09-28,084370,유진테크,488,75688800
2ETF07,2026-09-29,2026-09-28,095340,ISC,361,73463500
2ETF07,2026-09-29,2026-09-28,095610,테스,415,67188500
2ETF07,2026-09-29,2026-09-28,131290,티에스이,197,57721000
2ETF07,2026-09-29,2026-09-28,064760,티씨케이,198,55440000
2ETF07,2026-09-29,2026-09-28,031980,피에스케이홀딩스,253,42225700
2ETF07,2026-09-29,2026-09-28,131970,두산테스나,419,38003300
2ETF01,2026-09-30,2026-09-29,KRD010010001,원화예금,2647281,2647281
2ETF01,2026-09-30,2026-09-29,005930,삼성전자,6969,1899052500
2ETF01,2026-09-30,2026-09-29,000660,SK하이닉스,849,1498485000
2ETF01,2026-09-30,2026-09-29,402340,SK스퀘어,137,153166000
2ETF01,2026-09-30,2026-09-29,009150,삼성전기,83,126824000
2ETF01,2026-09-30,2026-09-29,105560,KB금융,455,78942500
2ETF01,2026-09-30,2026-09-29,005380,현대차,203,71050000
2ETF01,2026-09-30,2026-09-29,055550,신한지주,609,67294500
2ETF01,2026-09-30,2026-09-29,034020,두산에너빌리티,648,51645600
2ETF01,2026-09-30,2026-09-29,086790,하나금융지주,368,49790400
2ETF01,2026-09-30,2026-09-29,028260,삼성물산,144,49680000
2ETF01,2026-09-30,2026-09-29,012450,한화에어로스페이스,49,49588000
2ETF01,2026-09-30,2026-09-29,006400,삼성SDI,91,46501000
2ETF01,2026-09-30,2026-09-29,000270,기아,365,42340000
2ETF01,2026-09-30,2026-09-29,068270,셀트리온,235,42041500
2ETF01,2026-09-30,2026-09-29,035420,NAVER,200,38960000
2ETF01,2026-09-30,2026-09-29,032830,삼성생명,127,36893500
2ETF01,2026-09-30,2026-09-29,316140,우리금융지주,1012,36836800
2ETF01,2026-09-30,2026-09-29,066570,LG전자,162,34587000
2ETF01,2026-09-30,2026-09-29,012330,현대모비스,92,33764000
2ETF01,2026-09-30,2026-09-29,034730,SK,54,31644000
2ETF01,2026-09-30,2026-09-29,005490,POSCO홀딩스,102,31008000
2ETF01,2026-09-30,2026-09-29,000810,삼성화재,44,28732000
2ETF01,2026-09-30,2026-09-29,373220,LG에너지솔루션,74,26085000
2ETF01,2026-09-30,2026-09-29,010120,LS ELECTRIC,118,24190000
2ETF01,2026-09-30,2026-09-29,033780,KT&G,135,23922000
2ETF01,2026-09-30,2026-09-29,267260,HD현대일렉트릭,34,23154000
2ETF01,2026-09-30,2026-09-29,009540,HD한국조선해양,70,22645000
2ETF01,2026-09-30,2026-09-29,329180,HD현대중공업,49,21021000
2ETF01,2026-09-30,2026-09-29,207940,삼성바이오로직스,15,20775000
2ETF01,2026-09-30,2026-09-29,298040,효성중공업,7,19628000
2ETF01,2026-09-30,2026-09-29,017670,SK텔레콤,224,19308800
2ETF01,2026-09-30,2026-09-29,010140,삼성중공업,996,19252680
2ETF01,2026-09-30,2026-09-29,030200,KT,331,17509900
2ETF01,2026-09-30,2026-09-29,051910,LG화학,69,17250000
2ETF01,2026-09-30,2026-09-29,035720,카카오,508,17119600
2ETF01,2026-09-30,2026-09-29,096770,SK이노베이션,112,16340800
2ETF01,2026-09-30,2026-09-29,042700,한미반도체,63,15876000
2ETF01,2026-09-30,2026-09-29,042660,한화오션,199,15641400
2ETF01,2026-09-30,2026-09-29,000150,두산,11,15191000
2ETF01,2026-09-30,2026-09-29,003550,LG,135,15039000
2ETF01,2026-09-30,2026-09-29,138040,메리츠금융지주,111,14729700
2ETF01,2026-09-30,2026-09-29,015760,한국전력,475,14297500
2ETF01,2026-09-30,2026-09-29,267250,HD현대,68,13702000
2ETF01,2026-09-30,2026-09-29,079550,LIG디펜스앤에어로스페이스,20,13560000
2ETF01,2026-09-30,2026-09-29,047810,한국항공우주,106,13504400
2ETF01,2026-09-30,2026-09-29,278470,에이피알,37,13412500
2ETF01,2026-09-30,2026-09-29,000720,현대건설,111,12987000
2ETF01,2026-09-30,2026-09-29,064350,현대로템,110,12353000
2ETF01,2026-09-30,2026-09-29,018260,삼성에스디에스,57,12340500
2ETF01,2026-09-30,2026-09-29,011070,LG이노텍,21,12285000
2ETF01,2026-09-30,2026-09-29,006800,미래에셋증권,393,12241950
2ETF01,2026-09-30,2026-09-29,003490,대한항공,383,12026200
2ETF01,2026-09-30,2026-09-29,010130,고려아연,11,11704000
2ETF01,2026-09-30,2026-09-29,005830,DB손해보험,61,11687600
2ETF01,2026-09-30,2026-09-29,028050,삼성E&A,237,11174550
2ETF01,2026-09-30,2026-09-29,071050,한국금융지주,61,10919000
2ETF01,2026-09-30,2026-09-29,086280,현대글로비스,55,10862500
2ETF01,2026-09-30,2026-09-29,323410,카카오뱅크,511,10347750
2ETF01,2026-09-30,2026-09-29,010950,S-Oil,63,9941400
2ETF01,2026-09-30,2026-09-29,011200,HMM,470,9870000
2ETF01,2026-09-30,2026-09-29,007660,이수페타시스,82,9676000
2ETF01,2026-09-30,2026-09-29,180640,한진칼,71,9670200
2ETF01,2026-09-30,2026-09-29,003670,포스코퓨처엠,54,9471600
2ETF01,2026-09-30,2026-09-29,024110,기업은행,409,8466300
2ETF01,2026-09-30,2026-09-29,259960,크래프톤,42,8345400
2ETF01,2026-09-30,2026-09-29,021240,코웨이,81,8221500
2ETF01,2026-09-30,2026-09-29,016360,삼성증권,92,8142000
2ETF01,2026-09-30,2026-09-29,006260,LS,25,7887500
2ETF01,2026-09-30,2026-09-29,272210,한화시스템,105,7549500
2ETF01,2026-09-30,2026-09-29,003230,삼양식품,6,7350000
2ETF01,2026-09-30,2026-09-29,078930,GS,67,7282900
2ETF01,2026-09-30,2026-09-29,175330,JB금융지주,234,7230600
2ETF01,2026-09-30,2026-09-29,009830,한화솔루션,214,6955000
2ETF01,2026-09-30,2026-09-29,443060,HD현대마린솔루션,29,6887500
2ETF01,2026-09-30,2026-09-29,090430,아모레퍼시픽,47,6706900
2ETF01,2026-09-30,2026-09-29,138930,BNK금융지주,403,6625320
2ETF01,2026-09-30,2026-09-29,161390,한국타이어앤테크놀로지,108,6458400
2ETF01,2026-09-30,2026-09-29,000990,DB하이텍,46,6430800
2ETF01,2026-09-30,2026-09-29,032640,LG유플러스,410,6068000
2ETF01,2026-09-30,2026-09-29,000100,유한양행,83,6059000
2ETF01,2026-09-30,2026-09-29,352820,하이브,38,6030600
2ETF01,2026-09-30,2026-09-29,005940,NH투자증권,228,5985000
2ETF01,2026-09-30,2026-09-29,039490,키움증권,23,5876500
2ETF01,2026-09-30,2026-09-29,036570,NC,26,5486000
2ETF01,2026-09-30,2026-09-29,267270,HD건설기계,42,5241600
2ETF01,2026-09-30,2026-09-29,001440,대한전선,177,5221500
2ETF01,2026-09-30,2026-09-29,047040,대우건설,298,5176260
2ETF01,2026-09-30,2026-09-29,062040,산일전기,25,5150000
2ETF01,2026-09-30,2026-09-29,066970,엘앤에프,46,5014000
2ETF01,2026-09-30,2026-09-29,064400,LG씨엔에스,72,4989600
2ETF01,2026-09-30,2026-09-29,128940,한미약품,9,4563000
2ETF01,2026-09-30,2026-09-29,326030,SK바이오팜,59,4419100
2ETF01,2026-09-30,2026-09-29,010060,OCI홀딩스,20,4330000
2ETF01,2026-09-30,2026-09-29,241560,두산밥캣,78,4305600
2ETF01,2026-09-30,2026-09-29,001450,현대해상,86,4300000
2ETF01,2026-09-30,2026-09-29,034220,LG디스플레이,475,3961500
2ETF01,2026-09-30,2026-09-29,051900,LG생활건강,14,3920000
2ETF01,2026-09-30,2026-09-29,161890,한국콜마,26,3900000
2ETF01,2026-09-30,2026-09-29,139130,iM금융지주,206,3885160
2ETF01,2026-09-30,2026-09-29,082740,한화엔진,82,3817100
2ETF01,2026-09-30,2026-09-29,000880,한화,30,3816000
2ETF01,2026-09-30,2026-09-29,004020,현대제철,127,3810000
2ETF01,2026-09-30,2026-09-29,047050,포스코인터내셔널,69,3753600
2ETF01,2026-09-30,2026-09-29,307950,현대오토에버,10,3700000
2ETF01,2026-09-30,2026-09-29,271560,오리온,33,3679500
2ETF01,2026-09-30,2026-09-29,011790,SKC,39,3588000
2ETF01,2026-09-30,2026-09-29,375500,DL이앤씨,44,3458400
2ETF01,2026-09-30,2026-09-29,014680,한솔케미칼,14,3458000
2ETF01,2026-09-30,2026-09-29,454910,두산로보틱스,50,3425000
2ETF01,2026-09-30,2026-09-29,052690,한전기술,28,3390800
2ETF01,2026-09-30,2026-09-29,192820,코스맥스,12,3330000
2ETF01,2026-09-30,2026-09-29,012750,에스원,37,3089500
2ETF01,2026-09-30,2026-09-29,004170,신세계,9,3060000
2ETF01,2026-09-30,2026-09-29,088350,한화생명,498,2903340
2ETF01,2026-09-30,2026-09-29,001040,CJ,21,2872800
2ETF01,2026-09-30,2026-09-29,483650,달바글로벌,15,2833500
2ETF01,2026-09-30,2026-09-29,002380,KCC,6,2829000
2ETF01,2026-09-30,2026-09-29,017800,현대엘리베이터,38,2800600
2ETF01,2026-09-30,2026-09-29,0126Z0,삼성에피스홀딩스,8,2716000
2ETF01,2026-09-30,2026-09-29,011780,금호석유화학,22,2556400
2ETF01,2026-09-30,2026-09-29,035250,강원랜드,171,2467530
2ETF01,2026-09-30,2026-09-29,111770,영원무역,33,2346300
2ETF01,2026-09-30,2026-09-29,009420,한올바이오파마,54,2335500
2ETF01,2026-09-30,2026-09-29,204320,HL만도,49,2249100
2ETF01,2026-09-30,2026-09-29,377300,카카오페이,55,2205500
2ETF01,2026-09-30,2026-09-29,008930,한미사이언스,42,2192400
2ETF01,2026-09-30,2026-09-29,139480,이마트,30,2160000
2ETF01,2026-09-30,2026-09-29,097950,CJ제일제당,12,2151600
2ETF01,2026-09-30,2026-09-29,457190,이수스페셜티케미컬,31,2108000
2ETF01,2026-09-30,2026-09-29,004370,농심,5,2052500
2ETF01,2026-09-30,2026-09-29,450080,에코프로머티,58,1992300
2ETF01,2026-09-30,2026-09-29,036460,한국가스공사,56,1988000
2ETF01,2026-09-30,2026-09-29,103140,풍산,25,1947500
2ETF01,2026-09-30,2026-09-29,028670,팬오션,339,1932300
2ETF01,2026-09-30,2026-09-29,030000,제일기획,104,1859520
2ETF01,2026-09-30,2026-09-29,008770,호텔신라,46,1849200
2ETF01,2026-09-30,2026-09-29,112610,씨에스윈드,36,1814400
2ETF01,2026-09-30,2026-09-29,081660,미스토홀딩스,46,1771000
2ETF01,2026-09-30,2026-09-29,282330,BGF리테일,13,1723800
2ETF01,2026-09-30,2026-09-29,029780,삼성카드,40,1700000
2ETF01,2026-09-30,2026-09-29,018880,한온시스템,527,1686400
2ETF01,2026-09-30,2026-09-29,120110,코오롱인더,30,1641000
2ETF01,2026-09-30,2026-09-29,011170,롯데케미칼,27,1614600
2ETF01,2026-09-30,2026-09-29,069960,현대백화점,18,1611000
2ETF01,2026-09-30,2026-09-29,251270,넷마블,46,1589300
2ETF01,2026-09-30,2026-09-29,071970,HD현대마린엔진,33,1557600
2ETF01,2026-09-30,2026-09-29,023530,롯데쇼핑,15,1530000
2ETF01,2026-09-30,2026-09-29,007340,DN오토모티브,31,1522100
2ETF01,2026-09-30,2026-09-29,022100,포스코DX,76,1509360
2ETF01,2026-09-30,2026-09-29,051600,한전KPS,33,1489950
2ETF01,2026-09-30,2026-09-29,383220,F&F,21,1465800
2ETF01,2026-09-30,2026-09-29,302440,SK바이오사이언스,39,1400100
2ETF01,2026-09-30,2026-09-29,009970,영원무역홀딩스,8,1332800
2ETF01,2026-09-30,2026-09-29,011210,현대위아,23,1221300
2ETF01,2026-09-30,2026-09-29,026960,동서,47,1219650
2ETF01,2026-09-30,2026-09-29,000120,CJ대한통운,17,1200200
2ETF01,2026-09-30,2026-09-29,005850,에스엘,24,1192800
2ETF01,2026-09-30,2026-09-29,093370,후성,83,1171960
2ETF01,2026-09-30,2026-09-29,073240,금호타이어,169,1155960
2ETF01,2026-09-30,2026-09-29,298020,효성티앤씨,4,1148000
2ETF01,2026-09-30,2026-09-29,007070,GS리테일,50,1147500
2ETF01,2026-09-30,2026-09-29,004990,롯데지주,42,1010100
2ETF01,2026-09-30,2026-09-29,002790,아모레퍼시픽홀딩스,37,993450
2ETF01,2026-09-30,2026-09-29,006280,녹십자,8,985600
2ETF01,2026-09-30,2026-09-29,361610,SK아이이테크놀로지,57,959310
2ETF01,2026-09-30,2026-09-29,004000,롯데정밀화학,22,953700
2ETF01,2026-09-30,2026-09-29,017960,한국카본,48,953280
2ETF01,2026-09-30,2026-09-29,192080,더블유게임즈,16,942400
2ETF01,2026-09-30,2026-09-29,003240,태광산업,1,904000
2ETF01,2026-09-30,2026-09-29,000240,한국앤컴퍼니,36,900000
2ETF01,2026-09-30,2026-09-29,001430,세아베스틸지주,18,815400
2ETF01,2026-09-30,2026-09-29,000210,DL,16,804800
2ETF01,2026-09-30,2026-09-29,185750,종근당,12,772800
2ETF01,2026-09-30,2026-09-29,285130,SK케미칼,15,772500
2ETF01,2026-09-30,2026-09-29,069620,대웅제약,7,751100
2ETF01,2026-09-30,2026-09-29,001800,오리온홀딩스,30,727500
2ETF01,2026-09-30,2026-09-29,000080,하이트진로,47,710170
2ETF01,2026-09-30,2026-09-29,007310,오뚜기,2,631000
2ETF01,2026-09-30,2026-09-29,034230,파라다이스,66,625020
2ETF01,2026-09-30,2026-09-29,069260,TKG휴켐스,33,539220
2ETF01,2026-09-30,2026-09-29,006040,동원산업,15,534000
2ETF01,2026-09-30,2026-09-29,001680,대상,29,524320
2ETF01,2026-09-30,2026-09-29,456040,OCI,7,521500
2ETF01,2026-09-30,2026-09-29,300720,한일시멘트,32,519680
2ETF01,2026-09-30,2026-09-29,280360,롯데웰푸드,4,500800
2ETF01,2026-09-30,2026-09-29,009240,한샘,12,481800
2ETF01,2026-09-30,2026-09-29,298050,HS효성첨단소재,3,481800
2ETF01,2026-09-30,2026-09-29,005300,롯데칠성,5,476000
2ETF01,2026-09-30,2026-09-29,003090,대웅,29,453560
2ETF01,2026-09-30,2026-09-29,006650,대한유화,5,442500
2ETF01,2026-09-30,2026-09-29,005420,코스모화학,38,386840
2ETF01,2026-09-30,2026-09-29,137310,에스디바이오센서,53,323300
2ETF01,2026-09-30,2026-09-29,071320,지역난방공사,4,317200
2ETF01,2026-09-30,2026-09-29,000670,영풍,7,294700
2ETF01,2026-09-30,2026-09-29,0220W0,한화머시너리앤서비스홀딩스,47,274480
2ETF01,2026-09-30,2026-09-29,002840,미원상사,2,274000
2ETF01,2026-09-30,2026-09-29,008730,율촌화학,16,233120
2ETF01,2026-09-30,2026-09-29,003030,세아제강지주,2,222400
2ETF01,2026-09-30,2026-09-29,002030,아세아,1,206000
2ETF01,2026-09-30,2026-09-29,014820,동원시스템즈,8,167200
2ETF01,2026-09-30,2026-09-29,268280,미원에스씨,1,132600
2ETF07,2026-09-30,2026-09-29,KRD010010001,원화예금,11001136,11001136
2ETF07,2026-09-30,2026-09-29,005930,삼성전자,2346,639285000
2ETF07,2026-09-30,2026-09-29,000660,SK하이닉스,341,601865000
2ETF07,2026-09-30,2026-09-29,042700,한미반도체,1490,375480000
2ETF07,2026-09-30,2026-09-29,036930,주성엔지니어링,1106,245532000
2ETF07,2026-09-30,2026-09-29,240810,원익IPS,1168,152190400
2ETF07,2026-09-30,2026-09-29,000990,DB하이텍,1082,151263600
2ETF07,2026-09-30,2026-09-29,039030,이오테크닉스,297,147163500
2ETF07,2026-09-30,2026-09-29,403870,HPSP,2310,140910000
2ETF07,2026-09-30,2026-09-29,222800,심텍,890,135458000
2ETF07,2026-09-30,2026-09-29,058470,리노공업,1760,129360000
2ETF07,2026-09-30,2026-09-29,440110,파두,1282,107175200
2ETF07,2026-09-30,2026-09-29,319660,피에스케이,700,104160000
2ETF07,2026-09-30,2026-09-29,080220,제주반도체,1077,82929000
2ETF07,2026-09-30,2026-09-29,084370,유진테크,488,81544800
2ETF07,2026-09-30,2026-09-29,067310,하나마이크론,1701,79096500
2ETF07,2026-09-30,2026-09-29,095340,ISC,361,75629500
2ETF07,2026-09-30,2026-09-29,095610,테스,415,70882000
2ETF07,2026-09-30,2026-09-29,064760,티씨케이,198,59400000
2ETF07,2026-09-30,2026-09-29,131290,티에스이,197,58509000
2ETF07,2026-09-30,2026-09-29,031980,피에스케이홀딩스,253,45742400
2ETF07,2026-09-30,2026-09-29,131970,두산테스나,419,40349700
