ticker,exchange,date,open,high,low,close,volume
005930.KS,KSC,2026-09-18,261000.0,262000.0,257500.0,261000.0,17489615
005930.KS,KSC,2026-09-21,264000.0,275000.0,263500.0,274000.0,22261519
005930.KS,KSC,2026-09-22,283000.0,283500.0,274500.0,276500.0,18157410
005930.KS,KSC,2026-09-23,284500.0,285500.0,281000.0,285500.0,20864376
005930.KS,KSC,2026-09-28,284500.0,285500.0,270000.0,270000.0,21346064
005930.KS,KSC,2026-09-29,266000.0,276000.0,266000.0,272500.0,15963864
005930.KS,KSC,2026-09-30,274500.0,276000.0,267500.0,268500.0,19340105
007660.KS,KSC,2026-09-18,108500.0,109000.0,98600.0,103700.0,2283381
007660.KS,KSC,2026-09-21,105000.0,111500.0,104900.0,110300.0,1241862
007660.KS,KSC,2026-09-22,114800.0,119800.0,111400.0,112900.0,1026184
007660.KS,KSC,2026-09-23,117100.0,119700.0,114000.0,118900.0,929301
007660.KS,KSC,2026-09-28,118900.0,119000.0,112300.0,112300.0,725494
007660.KS,KSC,2026-09-29,112000.0,118300.0,111500.0,118000.0,597015
007660.KS,KSC,2026-09-30,118200.0,118900.0,114100.0,115100.0,605709
016360.KS,KSC,2026-09-18,87000.0,87300.0,85300.0,85300.0,426816
016360.KS,KSC,2026-09-21,85600.0,88300.0,85400.0,88200.0,263618
016360.KS,KSC,2026-09-22,89400.0,92200.0,88700.0,90700.0,434628
016360.KS,KSC,2026-09-23,91000.0,93000.0,90400.0,91100.0,454710
016360.KS,KSC,2026-09-28,91200.0,91300.0,88100.0,88800.0,255744
016360.KS,KSC,2026-09-29,88700.0,88800.0,87000.0,88500.0,262559
016360.KS,KSC,2026-09-30,88900.0,90500.0,88200.0,88400.0,375034
028260.KS,KSC,2026-09-18,365000.0,365000.0,351000.0,351000.0,322121
028260.KS,KSC,2026-09-21,353000.0,369000.0,352500.0,367500.0,312546
028260.KS,KSC,2026-09-22,382500.0,385500.0,361000.0,367000.0,266661
028260.KS,KSC,2026-09-23,374000.0,379500.0,365000.0,367000.0,275715
028260.KS,KSC,2026-09-28,366500.0,366500.0,344000.0,345500.0,506817
028260.KS,KSC,2026-09-29,343500.0,349000.0,340500.0,345000.0,270588
028260.KS,KSC,2026-09-30,348000.0,353500.0,340000.0,341500.0,339627
034220.KS,KSC,2026-09-18,8480.0,8590.0,8350.0,8400.0,3951147
034220.KS,KSC,2026-09-21,8400.0,8580.0,8300.0,8520.0,2564993
034220.KS,KSC,2026-09-22,8620.0,8650.0,8410.0,8470.0,2924118
034220.KS,KSC,2026-09-23,8510.0,8870.0,8470.0,8490.0,3730831
034220.KS,KSC,2026-09-28,8490.0,8580.0,8270.0,8450.0,3044033
034220.KS,KSC,2026-09-29,8450.0,8460.0,8210.0,8340.0,3003146
034220.KS,KSC,2026-09-30,8320.0,8490.0,8290.0,8330.0,2692764
035420.KS,KSC,2026-09-18,201500.0,202000.0,196100.0,197700.0,1298902
035420.KS,KSC,2026-09-21,198400.0,198700.0,196100.0,197900.0,616968
035420.KS,KSC,2026-09-22,201000.0,203500.0,200000.0,201000.0,496158
035420.KS,KSC,2026-09-23,201000.0,201500.0,194000.0,194700.0,1148820
035420.KS,KSC,2026-09-28,195700.0,200500.0,194300.0,197700.0,660188
035420.KS,KSC,2026-09-29,196600.0,197200.0,193200.0,194800.0,564810
035420.KS,KSC,2026-09-30,194900.0,196500.0,192800.0,193700.0,599480
066570.KS,KSC,2026-09-18,202000.0,203000.0,197700.0,198400.0,844243
066570.KS,KSC,2026-09-21,199600.0,203500.0,198000.0,202500.0,497341
066570.KS,KSC,2026-09-22,211500.0,221000.0,209000.0,216500.0,1625088
066570.KS,KSC,2026-09-23,215500.0,216000.0,207000.0,209000.0,546536
066570.KS,KSC,2026-09-28,214500.0,220000.0,212000.0,214500.0,782917
066570.KS,KSC,2026-09-29,212000.0,215500.0,210000.0,213500.0,556167
066570.KS,KSC,2026-09-30,215000.0,221000.0,212000.0,212500.0,791624
069500.KS,KSC,2026-09-18,109150.0,109895.0,108285.0,109285.0,20895190
069500.KS,KSC,2026-09-21,110185.0,112135.0,110095.0,111700.0,20877625
069500.KS,KSC,2026-09-22,114345.0,114635.0,111400.0,111880.0,25168267
069500.KS,KSC,2026-09-23,114290.0,114305.0,111945.0,113145.0,21157647
069500.KS,KSC,2026-09-28,112740.0,112870.0,109500.0,109500.0,23611461
069500.KS,KSC,2026-09-29,109285.0,110470.0,108445.0,109990.0,20262541
069500.KS,KSC,2026-09-30,110900.0,111560.0,108920.0,109545.0,20648747
071050.KS,KSC,2026-09-18,187200.0,188400.0,182200.0,182300.0,230562
071050.KS,KSC,2026-09-21,182200.0,184400.0,182100.0,184400.0,103840
071050.KS,KSC,2026-09-22,186500.0,193200.0,184600.0,186300.0,203353
071050.KS,KSC,2026-09-23,188000.0,192100.0,184700.0,186400.0,163219
071050.KS,KSC,2026-09-28,186400.0,186400.0,181500.0,181900.0,149406
071050.KS,KSC,2026-09-29,181000.0,181400.0,174600.0,179000.0,184123
071050.KS,KSC,2026-09-30,178700.0,180200.0,176300.0,177000.0,258390
