from_close,to_close,prior_apply_date,next_apply_date,all_stocks_count,ex2_count,ex_sector_count,all_stocks_price_return_pct,ex2_price_return_pct,ex_sector_price_return_pct,official_kospi200_price_return_pct,reconstruction_residual_pp,reconstruction_qc_pass,quantity_changed_count,quantity_changed_symbols,ex2_excluded_symbols,ex_sector_excluded_symbols,entered_symbols,exited_symbols,split_candidates,large_price_move_candidates,max_absolute_individual_price_return_pct,missing_end_prices,errors
2025-09-30,2025-10-01,2025-10-01,2025-10-02,200,198,197,1.1251339696656482,0.08059595178384615,0.08785498489181087,1.1265109803177076,-0.0013770106520594183,True,0,[],"[""000660"",""005930""]","[""000660"",""005930"",""042700""]",[],[],[],[],6.186186186186182,[],[]
2025-10-01,2025-10-02,2025-10-02,2025-10-10,200,198,197,2.928082916962693,1.2692521746754393,1.2498191817803095,2.928844107891604,-0.0007611909289106933,True,0,[],"[""000660"",""005930""]","[""000660"",""005930"",""042700""]",[],[],[],[],15.815085158150843,[],[]
2025-10-02,2025-10-10,2025-10-10,2025-10-13,200,198,197,2.7462662608245703,0.12948686714313595,0.05105865481256355,2.7482215601629445,-0.001955299338374239,True,0,[],"[""000660"",""005930""]","[""000660"",""005930"",""042700""]",[],[],[],[],18.38966202783301,[],[]
2025-10-10,2025-10-13,2025-10-13,2025-10-14,200,198,197,-1.005625035227431,-0.4437486530782353,-0.48398240438337625,-1.0059766850109564,0.00035164978352542064,True,0,[],"[""000660"",""005930""]","[""000660"",""005930"",""042700""]",[],[],[],[],19.481865284974088,[],[]
2025-10-13,2025-10-14,2025-10-14,2025-10-15,200,198,197,-0.9913222522846543,-0.6595415718852582,-0.6661631572663085,-0.9922888397393748,0.0009665874547204467,True,0,[],"[""000660"",""005930""]","[""000660"",""005930"",""042700""]",[],[],[],[],20.208152645273202,[],[]
2025-10-14,2025-10-15,2025-10-15,2025-10-16,200,198,197,2.7465669461125497,2.3428625731917396,2.2984658771645794,2.74909939825716,-0.0025324521446101755,True,0,[],"[""000660"",""005930""]","[""000660"",""005930"",""042700""]",[],[],[],[],13.421828908554566,[],[]
2025-10-15,2025-10-16,2025-10-16,2025-10-17,200,198,197,2.7211484876678016,1.6356694200556632,1.6264815145790479,2.7225541083145677,-0.0014056206467660814,True,0,[],"[""000660"",""005930""]","[""000660"",""005930"",""042700""]",[],[],[],[],26.043737574552694,[],[]
2025-10-16,2025-10-17,2025-10-17,2025-10-20,200,198,197,0.1987064313155873,-0.46804666717540355,-0.4534544337536306,0.1963962246162687,0.0023102066993185844,True,0,[],"[""000660"",""005930""]","[""000660"",""005930"",""042700""]",[],[],[],[],15.016501650165015,[],[]
2025-10-17,2025-10-20,2025-10-20,2025-10-21,200,198,197,1.8651473062335944,1.9888827297032563,1.971489805701676,1.8649615589556134,0.00018574727798092994,True,0,[],"[""000660"",""005930""]","[""000660"",""005930"",""042700""]",[],[],[],[],17.169373549883993,[],[]
2025-10-20,2025-10-21,2025-10-21,2025-10-22,200,198,197,-0.0016306272397348387,0.6191598887629546,0.6217140211757233,0.0,-0.0016306272397348387,True,1,"[""011200""]","[""000660"",""005930""]","[""000660"",""005930"",""042700""]",[],[],[],[],10.8910891089109,[],[]
2025-10-21,2025-10-22,2025-10-22,2025-10-23,200,198,197,1.3667042949143227,1.6884832316564236,1.691029219703366,1.3656404124944066,0.0010638824199160624,True,0,[],"[""000660"",""005930""]","[""000660"",""005930"",""042700""]",[],[],[],[],13.14031180400892,[],[]
