GIJUN_YMD,JISU,PRICE,NAV,SUIK_JISU,SUIK_PRICE,SUIK_NAV
20250930,474.03,47635,47639.83,-0.25,-0.27,-0.26
20251001,479.37,48135,48176.13,0.87,0.77,0.87
20251002,493.41,49570,49579.47,3.83,3.78,3.8
20251010,506.97,50830,50941.86,6.68,6.42,6.66
20251013,501.87,50365,50431.38,5.61,5.44,5.59
20251014,496.89,49855,49929.02,4.56,4.38,4.54
20251015,510.55,51240,51298.76,7.43,7.28,7.4
20251016,524.45,52585,52687.81,10.36,10.09,10.31
20251017,525.48,52735,52795.34,10.58,10.41,10.54
20251020,535.28,53700,53778.19,12.64,12.43,12.59
20251021,535.28,53815,53779.68,12.64,12.67,12.6
20251022,542.59,54425,54507.79,14.18,13.94,14.12
20251023,536.37,53850,53884.76,12.87,12.74,12.82
20251024,550.01,55255,55250.89,15.74,15.68,15.68
20251027,565.69,56775,56821.82,19.04,18.86,18.97
20251028,559.51,56210,56204.43,17.74,17.68,17.67
20251029,571.51,57385,57268.7,20.26,20.14,20.2
20251030,575.21,57445,57635.35,21.04,20.27,20.96
20251031,579.46,58145,58064.34,21.94,21.73,21.87
20251103,599.03,59930,60025.65,26.05,25.47,25.98
20251104,581.94,58280,58321.52,22.46,22.01,22.4
20251105,565.4,56665,56664.78,18.98,18.63,18.93
20251106,568.38,56975,56965,19.6,19.28,19.56
20251107,557.98,55945,55925.13,17.42,17.13,17.38
20251110,575.31,57655,57663.31,21.06,20.71,21.02
20251111,581.41,58195,58283.28,22.35,21.84,22.32
20251112,586.73,58800,58816.44,23.46,23.1,23.44
20251113,588.65,59070,59019.81,23.87,23.67,23.87
20251114,563.43,56510,56493.15,18.56,18.31,18.57
20251117,576.65,57715,57814.98,21.34,20.83,21.34
20251118,556.45,55800,55789.33,17.09,16.82,17.09
20251119,552.66,55410,55413.79,16.3,16.01,16.3
20251120,564.2,56600,56569.66,18.72,18.5,18.73
20251121,540.36,54225,54180.37,13.71,13.52,13.71
20251124,540.81,54210,54265.04,13.8,13.49,13.89
20251125,544.62,54605,54654.28,14.6,14.32,14.71
20251126,559.37,56080,56132.98,17.71,17.41,17.81
20251127,563.36,56475,56552.85,18.55,18.24,18.69
20251128,554,55650,55623.18,16.58,16.51,16.74
20251201,553.96,55575,55610.2,16.57,16.35,16.71
20251202,565.72,56675,56787.23,19.04,18.65,19.18
20251203,570.79,57295,57299.66,20.11,19.95,20.26
20251204,569.75,57150,57195.34,19.89,19.65,20.04
20251205,580.81,58240,58300.58,22.22,21.93,22.36
20251208,589.17,59020,59140.65,23.98,23.56,24.12
20251209,585.76,58705,58799.57,23.26,22.9,23.41
20251210,585.52,58680,58776.11,23.21,22.85,23.36
20251211,580.16,58200,58221.86,22.08,21.85,22.2
20251212,587.93,58995,59013.5,23.72,23.51,23.86
20251215,574.49,57655,57668.15,20.89,20.71,21.03
20251216,561.52,56400,56365.41,18.16,18.08,18.3
20251217,572.62,57490,57480.05,20.5,20.36,20.64
20251218,565.65,56820,56782.46,19.03,18.96,19.17
20251219,568.4,57120,57053.95,19.61,19.59,19.74
20251222,582.73,58425,58492.62,22.62,22.32,22.76
20251223,584.64,58595,58685.12,23.03,22.67,23.17
20251224,584.21,58610,58646.61,22.93,22.7,23.09
20251226,590.08,59110,59230.83,24.17,23.75,24.31
20251229,605.69,60720,60938.7,27.45,27.12,27.9
20251230,605.98,60895,60968.35,27.52,27.49,27.96
20260102,624.17,62660,62795.12,31.34,31.18,31.79
20260105,648.74,65040,65259.32,36.51,36.17,36.97
20260106,659.45,66210,66331.88,38.77,38.62,39.22
20260107,664.48,66720,66835.82,39.83,39.68,40.27
20260108,664.18,66620,66801.07,39.76,39.47,40.2
20260109,668.25,67180,67212.51,40.62,40.65,41.07
20260112,672.86,67610,67681.39,41.59,41.55,42.05
20260113,680.71,68465,68470.45,43.24,43.34,43.71
20260114,685.76,68840,68967.37,44.3,44.12,44.75
20260115,696.39,70015,70036.18,46.54,46.58,46.99
20260116,704.64,70755,70864.53,48.28,48.13,48.73
20260119,713.96,71780,71800.46,50.24,50.28,50.69
20260120,708.48,71190,71247.36,49.08,49.04,49.53
20260121,714.94,71755,71896.84,50.44,50.23,50.9
20260122,722.3,72530,72639.09,51.99,51.85,52.45
20260123,727.29,73025,73138.12,53.04,52.88,53.5
20260126,720.04,72305,72408.19,51.52,51.38,51.97
20260127,745.13,74775,74928.09,56.8,56.55,57.26
20260128,758.72,76175,76209.82,59.66,59.48,60.12
20260129,765.59,77035,76905.86,61.1,61.28,61.58
20260130,768.41,77305,77214.34,61.7,61.84,62.23
20260202,725.46,72700,72899.95,52.66,52.2,53.16
20260203,779.54,78290,78326.4,64.04,63.91,64.56
20260204,790.38,79385,79417.57,66.32,66.2,66.86
20260205,756.95,76010,76066.83,59.28,59.13,59.82
20260206,748.1,75195,75178.96,57.42,57.43,57.95
20260209,780.94,78340,78469.04,64.33,64.01,64.86
20260210,780.76,78435,78455.46,64.29,64.21,64.83
20260211,788.75,79115,79252.57,65.98,65.63,66.51
20260212,816.28,81975,82017.02,71.77,71.62,72.32
20260213,814.59,81860,81851.45,71.41,71.38,71.97
20260219,840.24,84390,84431.9,76.81,76.68,77.39
20260220,859.59,86300,86371.82,80.88,80.68,81.47
20260223,865.49,86940,86968.39,82.12,82.02,82.72
20260224,886.88,89085,89117.82,86.63,86.51,87.24
20260225,903.83,90890,90825.53,90.19,90.29,90.82
20260226,944.02,95025,95048.86,98.65,98.94,99.7
20260227,933.34,94120,93969.31,96.4,97.05,97.43
20260303,859.4,86705,86546.31,80.84,81.52,81.83
20260304,756.79,75900,76238.72,59.25,58.9,60.18
20260305,831.22,83570,83714.44,74.91,74.96,75.88
20260306,828.83,83560,83476.79,74.41,74.94,75.38
20260309,775.31,78230,78105.5,63.15,63.78,64.1
20260310,823.02,82900,82886.3,73.19,73.56,74.14
20260311,834.05,83825,84001.38,75.51,75.49,76.49
20260312,827.51,83200,83330.44,74.13,74.19,75.08
20260313,812.93,81540,81873.83,71.06,70.71,72.02
20260316,826.83,82985,83277.23,73.99,73.74,74.97
20260317,840.89,84635,84683.47,76.95,77.19,77.92
20260318,888.57,89370,89468.35,86.98,87.1,87.97
20260319,862.37,86750,86850.98,81.47,81.62,82.47
20260320,862.5,86660,86861.53,81.49,81.43,82.5
20260323,804.86,81025,81077.89,69.37,69.63,70.34
20260324,827.64,83505,83415.57,74.16,74.82,75.26
20260325,838.7,84510,84520.45,76.49,76.93,77.58
20260326,808.89,81600,81558.37,70.21,70.84,71.35
20260327,805.19,81225,81194.79,69.44,70.05,70.59
20260330,780.32,78680,78828.01,64.2,64.72,65.62
20260331,744.57,75430,75252.56,56.68,57.92,58.11
20260401,813.84,82170,82198.57,71.26,72.03,72.7
20260402,774.63,78190,78272.78,63,63.7,64.45
20260403,798.32,80575,80647.71,67.99,68.69,69.44
20260406,811.84,81750,82002.51,70.83,71.15,72.29
20260407,821.1,82770,82929.31,72.78,73.29,74.23
20260408,882.81,89000,89121.61,85.77,86.33,87.24
20260409,865.75,87250,87412.22,82.18,82.67,83.65
20260410,878.78,88655,88715.15,84.92,85.61,86.39
20260413,870.78,87880,87912.03,83.24,83.98,84.7
20260414,897,90430,90559.87,88.75,89.32,90.27
20260415,916.6,92665,92541.94,92.88,94,94.43
20260416,937.87,94710,94681.31,97.35,98.28,98.93
20260417,931.41,94050,94028.48,96,96.9,97.55
20260420,935.75,94500,94468.65,96.91,97.84,98.48
20260421,962.26,96920,97137.73,102.49,102.91,104.09
20260422,964.52,97300,97371.55,102.96,103.71,104.58
20260423,975.62,98355,98485.04,105.3,105.91,106.92
20260424,971.87,98000,98109.03,104.51,105.17,106.13
20260427,995.33,100240,100471.9,109.45,109.86,111.09
20260428,999.03,100700,100397.87,110.22,110.82,111.87
20260429,1006.59,101045,101172.04,111.82,111.55,113.51
20260430,992.15,99905,99720.96,108.78,109.16,110.44
20260504,1049.66,105295,105509.31,120.88,120.44,122.66
20260506,1129.63,113270,113580.77,137.71,137.14,139.69
20260507,1149.86,115620,115637.16,141.96,142.06,144.03
20260508,1151.17,115810,115782.38,142.24,142.46,144.34
20260511,1211.44,121805,121854.82,154.92,155.01,157.15
20260512,1183.41,119100,119029,149.02,149.35,151.19
20260513,1220.17,122655,122727.88,156.76,156.79,159
20260514,1243.17,124855,125053.29,161.6,161.39,163.9
20260515,1162.39,117200,116936.58,144.6,145.37,146.77
20260518,1171.3,117840,117819.77,146.48,146.71,148.64
20260519,1132.42,114315,113905.17,138.29,139.33,140.38
20260520,1125.51,113340,113205.09,136.84,137.29,138.9
20260521,1225.22,123060,123239.93,157.82,157.64,160.08
20260522,1226.03,123350,123328.11,157.99,158.24,160.26
20260526,1260.53,126755,126816.88,165.25,165.37,167.63
20260527,1298.86,130600,130689.88,173.32,173.42,175.8
20260528,1292.57,129990,130069.55,171.99,172.14,174.49
20260529,1342.82,134815,135150.7,182.57,182.25,185.21
20260601,1399.91,141395,140911.67,194.58,196.02,197.37
20260602,1407.23,141575,141658.61,196.12,196.4,198.95
20260604,1379.56,138730,138874.15,190.3,190.44,193.07
20260605,1297.02,131030,130551.81,172.93,174.32,175.51
20260608,1186.54,119560,119406.76,149.68,150.31,151.99
20260609,1293.4,130130,130142.49,172.17,172.44,174.64
20260610,1227.12,123795,123497.11,158.22,159.18,160.62
20260611,1231.54,123850,123879.35,159.15,159.29,161.43
20260612,1291.32,129270,129938.89,171.73,170.64,174.21
20260615,1360.26,136290,136861.95,186.24,185.33,188.82
20260616,1391.74,139550,140017.6,192.86,192.16,195.48
20260617,1416.97,142055,142561.89,198.17,197.4,200.85
20260618,1459.23,146945,146823.82,207.06,207.64,209.85
20260619,1459.48,146910,146848.91,207.12,207.57,209.9
20260622,1477.22,148355,148629.96,210.85,210.59,213.66
20260623,1321.7,132820,133009.82,178.12,178.07,180.69
20260624,1369.62,138145,137828.59,188.21,189.22,190.86
20260625,1454.15,145830,146297.83,206,205.31,208.74
20260626,1366.49,137380,137505.43,187.55,187.62,190.18
20260629,1352.54,136415,136164.08,184.61,185.6,187.35
20260630,1370.73,138580,137984.1,188.44,190.13,191.19
20260701,1335.36,134525,134413.86,181,181.64,183.66
20260702,1219.62,123530,122805.42,156.64,158.62,159.16
20260703,1299.3,131010,130791.06,173.41,174.28,176.01
20260706,1293.13,130125,130165.59,172.11,172.43,174.69
20260707,1225.57,123710,123362.61,157.9,159,160.34
20260708,1158.37,116865,116598.2,143.75,144.67,146.06
20260709,1169.73,117700,117715.96,146.14,146.41,148.42
20260710,1196.69,120605,120450.15,151.82,152.5,154.19
20260713,1078.78,108820,108583.09,127.01,127.82,129.15
20260714,1092.23,109720,109938.07,129.84,129.71,132.01
20260715,1163.9,116735,117145.18,144.92,144.39,147.21
20260716,1080.36,109000,108746.33,127.34,128.2,129.49
20260720,1032.52,104095,103935.71,117.27,117.93,119.34
20260721,1073.39,108140,108060.02,125.87,126.4,128.04
20260722,1080.22,108315,108722.54,127.31,126.77,129.44
20260723,1126.33,113230,113375.02,137.01,137.06,139.26
20260724,1055.58,106365,106248.95,122.12,122.68,124.22
20260727,1069.22,107730,107626.42,124.99,125.54,127.13
20260728,945.69,95675,95203.53,99,100.3,100.91
20260729,887.2,89605,89138.64,86.69,87.6,88.5
20260730,872.49,87635,87653.14,83.6,83.47,85.36
20260731,1046.81,108820,105156.98,120.28,127.82,122.37
20260803,986.72,99105,99117.94,107.63,107.48,109.6
20260804,1000.03,100330,100450.72,110.44,110.05,112.42
20260805,1038.59,104300,104335.7,118.55,118.36,120.63
20260806,982.92,98900,98738.44,106.83,107.06,108.8
20260807,974.73,98090,97949.38,105.11,105.36,107.13
20260810,977.84,98265,98250.4,105.77,105.73,107.77
20260811,987.4,99265,99224.15,107.78,107.82,109.83
20260812,1029.43,103250,103464.35,116.62,116.16,118.79
20260813,1071.24,107270,107650.84,125.42,124.58,127.65
20260814,1098.18,110060,110371.9,131.09,130.42,133.4
20260818,1082,108550,108739.54,127.68,127.26,129.95
20260819,1012.61,101760,101776.61,113.08,113.04,115.22
20260820,1080.98,108190,108657.77,127.47,126.5,129.77
20260821,1096.25,109980,110190.81,130.68,130.25,133.02
20260824,1054.01,105995,105942.72,121.79,121.91,124.03
20260825,1060.68,106795,106628.26,123.2,123.58,125.48
20260826,1071.16,107710,107680.57,125.4,125.5,127.71
20260827,1088.61,109135,109431.83,129.07,128.48,131.41
20260828,1065.7,107180,107156.45,124.25,124.39,126.6
20260831,1071.85,107615,107762.92,125.55,125.3,127.88
20260901,1075.3,107885,108117.2,126.27,125.87,128.63
20260902,1031.53,103500,103712.16,117.06,116.69,119.32
20260903,1032.82,103610,103846.89,117.34,116.92,119.6
20260904,1051.52,105720,105733.6,121.27,121.33,123.59
20260907,1105.19,110820,111120.62,132.56,132.01,134.98
20260908,1100.08,110335,110604.2,131.49,131,133.89
20260909,1114.61,112100,112064.88,134.55,134.69,136.98
20260910,1112.13,111865,111808.68,134.02,134.2,136.44
20260911,1090.22,109500,109615.66,129.41,129.25,131.8
20260914,1050.83,105410,105660.1,121.12,120.68,123.44
20260915,1042.46,104275,104820.74,119.36,118.31,121.66
20260916,1060.05,106365,106579.26,123.07,122.68,125.38
20260917,1058.27,106280,106403.2,122.69,122.51,125.01
20260918,1090.23,109285,109611.31,129.42,128.8,131.79
20260921,1112.16,111700,111813.82,134.03,133.85,136.45
20260922,1113.3,111880,111926.48,134.27,134.23,136.69
20260923,1126.12,113145,113211.71,136.97,136.88,139.4
20260928,1089.28,109500,109503.88,129.22,129.25,131.56
20260929,1088.15,109990,110025.39,128.98,130.27,132.67
