날짜,종목코드,종목명,전략,구분,가격,수량,금액,수수료,사유,손익,손익률,보유일
2026-06-05,105560,KB금융,sepa,BUY,171500.0,14,2401000.0,337.0,진입 (점수 62),0.0,0.0,0
2026-06-08,055550,신한지주,sepa,BUY,104700.0,23,2408100.0,338.0,진입 (점수 74),0.0,0.0,0
2026-06-08,105560,KB금융,sepa,SELL,157780.0,14,2208920.0,4706.0,손절 -8.0%,-197124.0,-8.21,2
2026-06-10,005380,현대차,rsi2,BUY,637000.0,3,1911000.0,269.0,진입 (점수 68),0.0,0.0,0
2026-06-10,012330,현대모비스,rsi2,BUY,586000.0,4,2344000.0,329.0,진입 (점수 68),0.0,0.0,0
2026-06-10,403870,HPSP,sepa,BUY,55900.0,42,2347800.0,330.0,진입 (점수 60),0.0,0.0,0
2026-06-10,055550,신한지주,sepa,SELL,96324.0,23,2215452.0,4720.0,손절 -8.0%,-197706.0,-8.21,3
2026-06-10,005380,현대차,rsi2,SELL,586040.0,3,1758120.0,3746.0,손절 -8.0%,-156894.0,-8.21,1
2026-06-10,012330,현대모비스,rsi2,SELL,570000.0,1,570000.0,1214.0,1차 익절 +5.0%,-17297.0,-2.95,1
2026-06-10,012330,현대모비스,rsi2,SELL,570000.0,3,1710000.0,3643.0,"트레일링 (고점 620,000 대비 -4.5%)",-51890.0,-2.95,1
2026-06-10,403870,HPSP,sepa,SELL,53100.0,8,424800.0,905.0,1차 익절 +5.0%,-23368.0,-5.22,1
2026-06-10,403870,HPSP,sepa,SELL,53100.0,34,1805400.0,3846.0,"트레일링 (고점 59,600 대비 -4.5%)",-99314.0,-5.22,1
2026-06-12,005380,현대차,rsi2,BUY,635000.0,3,1905000.0,268.0,진입 (점수 68),0.0,0.0,0
2026-06-12,003550,LG,rsi2,BUY,111500.0,20,2230000.0,313.0,진입 (점수 68),0.0,0.0,0
2026-06-12,403870,HPSP,sepa,BUY,57300.0,39,2234700.0,314.0,진입 (점수 66),0.0,0.0,0
2026-06-12,403870,HPSP,sepa,SELL,71500.0,7,500500.0,1066.0,1차 익절 +5.0%,98277.0,24.5,1
2026-06-15,039030,이오테크닉스,sepa,BUY,598000.0,4,2392000.0,336.0,진입 (점수 69),0.0,0.0,0
2026-06-15,357780,솔브레인,sepa,BUY,450000.0,1,450000.0,63.0,진입 (점수 63),0.0,0.0,0
2026-06-15,003550,LG,rsi2,SELL,118400.0,4,473600.0,1009.0,1차 익절 +5.0%,26528.0,5.95,2
2026-06-15,403870,HPSP,sepa,SELL,83500.0,12,1002000.0,2135.0,2차 익절 +15.0%,312169.0,45.39,2
2026-06-15,403870,HPSP,sepa,SELL,83500.0,20,1670000.0,3558.0,"트레일링 (고점 92,000 대비 -4.5%)",520281.0,45.39,2
2026-06-15,039030,이오테크닉스,sepa,SELL,550160.0,4,2200640.0,4689.0,손절 -8.0%,-196385.0,-8.21,1
2026-06-16,357780,솔브레인,sepa,SELL,414000.0,1,414000.0,882.0,손절 -8.0%,-36945.0,-8.21,2
2026-06-17,003550,LG,rsi2,SELL,112500.0,16,1800000.0,3835.0,"트레일링 (고점 118,400 대비 -4.5%)",11914.0,0.67,4
2026-06-19,005930,삼성전자,sepa,BUY,372500.0,6,2235000.0,314.0,진입 (점수 62),0.0,0.0,0
2026-06-19,032830,삼성생명,sepa,BUY,481500.0,5,2407500.0,338.0,진입 (점수 62),0.0,0.0,0
2026-06-19,034730,SK,sepa,BUY,718000.0,3,2154000.0,303.0,진입 (점수 61),0.0,0.0,0
2026-06-19,032830,삼성생명,sepa,SELL,497000.0,1,497000.0,1059.0,1차 익절 +5.0%,14373.0,2.98,1
2026-06-19,034730,SK,sepa,SELL,724000.0,1,724000.0,1543.0,1차 익절 +5.0%,4357.0,0.61,1
2026-06-22,028260,삼성물산,sepa,BUY,501000.0,4,2004000.0,282.0,진입 (점수 66),0.0,0.0,0
2026-06-22,005380,현대차,rsi2,SELL,584200.0,3,1752600.0,3734.0,손절 -8.0%,-156402.0,-8.21,7
2026-06-22,005930,삼성전자,sepa,SELL,342700.0,6,2056200.0,4381.0,손절 -8.0%,-183495.0,-8.21,2
2026-06-22,032830,삼성생명,sepa,SELL,450500.0,4,1802000.0,3839.0,본전보호 청산,-128110.0,-6.65,2
2026-06-22,028260,삼성물산,sepa,SELL,520000.0,1,520000.0,1108.0,1차 익절 +5.0%,17822.0,3.56,1
2026-06-23,034730,SK,sepa,SELL,705000.0,2,1410000.0,3004.0,본전보호 청산,-29206.0,-2.03,3
2026-06-23,028260,삼성물산,sepa,SELL,460920.0,3,1382760.0,2946.0,손절 -8.0%,-123397.0,-8.21,2
2026-06-25,005380,현대차,rsi2,BUY,520000.0,4,2080000.0,292.0,진입 (점수 72),0.0,0.0,0
2026-06-25,012330,현대모비스,rsi2,BUY,529000.0,4,2116000.0,297.0,진입 (점수 68),0.0,0.0,0
2026-06-25,105560,KB금융,rsi2,BUY,153900.0,15,2308500.0,324.0,진입 (점수 64),0.0,0.0,0
2026-06-25,034730,SK,sepa,BUY,772000.0,2,1544000.0,217.0,진입 (점수 60),0.0,0.0,0
2026-06-25,034730,SK,sepa,SELL,858000.0,1,858000.0,1828.0,1차 익절 +5.0%,84064.0,10.89,1
2026-06-26,005380,현대차,rsi2,SELL,478400.0,4,1913600.0,4077.0,손절 -8.0%,-170769.0,-8.21,2
2026-06-26,012330,현대모비스,rsi2,SELL,486680.0,4,1946720.0,4148.0,손절 -8.0%,-173725.0,-8.21,2
2026-06-26,034730,SK,sepa,SELL,815000.0,1,815000.0,1736.0,"트레일링 (고점 883,000 대비 -4.5%)",41155.0,5.33,2
2026-06-30,034730,SK,sepa,BUY,780000.0,2,1560000.0,219.0,진입 (점수 60),0.0,0.0,0
2026-06-30,034730,SK,sepa,SELL,834000.0,1,834000.0,1777.0,1차 익절 +5.0%,52114.0,6.68,1
2026-07-01,105560,KB금융,rsi2,SELL,158500.0,3,475500.0,1013.0,1차 익절 +5.0%,12722.0,2.76,5
2026-07-01,034730,SK,sepa,SELL,763000.0,1,763000.0,1626.0,본전보호 청산,-18735.0,-2.4,2
2026-07-02,105560,KB금융,rsi2,SELL,165000.0,12,1980000.0,4218.0,"트레일링 (고점 173,800 대비 -4.5%)",128722.0,6.97,6
2026-07-03,000660,SK하이닉스,rsi2,BUY,2197000.0,1,2197000.0,309.0,진입 (점수 70),0.0,0.0,0
2026-07-03,005930,삼성전자,rsi2,BUY,288500.0,8,2308000.0,324.0,진입 (점수 68),0.0,0.0,0
2026-07-03,028260,삼성물산,rsi2,BUY,405500.0,6,2433000.0,342.0,진입 (점수 68),0.0,0.0,0
2026-07-03,032830,삼성생명,rsi2,BUY,368500.0,5,1842500.0,259.0,진입 (점수 68),0.0,0.0,0
2026-07-03,000660,SK하이닉스,rsi2,SELL,2425000.0,1,2425000.0,5167.0,1차 익절 +5.0%,222525.0,10.13,1
2026-07-03,005930,삼성전자,rsi2,SELL,309500.0,1,309500.0,659.0,1차 익절 +5.0%,20300.0,7.04,1
2026-07-03,028260,삼성물산,rsi2,SELL,433500.0,1,433500.0,924.0,1차 익절 +5.0%,27019.0,6.66,1
2026-07-03,032830,삼성생명,rsi2,SELL,383000.0,1,383000.0,816.0,1차 익절 +5.0%,13632.0,3.7,1
2026-07-06,055550,신한지주,sepa,BUY,107300.0,23,2467900.0,347.0,진입 (점수 65),0.0,0.0,0
2026-07-07,005930,삼성전자,rsi2,SELL,296000.0,7,2072000.0,4414.0,"트레일링 (고점 325,000 대비 -4.5%)",47802.0,2.37,3
2026-07-07,028260,삼성물산,rsi2,SELL,424500.0,5,2122500.0,4522.0,"트레일링 (고점 460,000 대비 -4.5%)",90193.0,4.45,3
2026-07-07,032830,삼성생명,rsi2,SELL,375000.0,4,1500000.0,3196.0,"트레일링 (고점 398,500 대비 -4.5%)",22597.0,1.53,3
2026-07-08,105560,KB금융,sepa,BUY,176200.0,13,2290600.0,322.0,진입 (점수 60),0.0,0.0,0
2026-07-08,086790,하나금융지주,sepa,BUY,127000.0,19,2413000.0,339.0,진입 (점수 60),0.0,0.0,0
2026-07-09,006400,삼성SDI,rsi2,BUY,414000.0,5,2070000.0,291.0,진입 (점수 72),0.0,0.0,0
2026-07-10,055550,신한지주,sepa,SELL,109200.0,23,2511600.0,5351.0,횡보 청산 (5일),38002.0,1.54,5
2026-07-10,105560,KB금융,sepa,SELL,184400.0,2,368800.0,786.0,1차 익절 +5.0%,15565.0,4.42,3
2026-07-10,006400,삼성SDI,rsi2,SELL,434000.0,1,434000.0,925.0,1차 익절 +5.0%,19017.0,4.59,2
2026-07-13,055550,신한지주,sepa,BUY,110800.0,23,2548400.0,358.0,진입 (점수 62),0.0,0.0,0
2026-07-13,086790,하나금융지주,sepa,SELL,132600.0,3,397800.0,848.0,1차 익절 +5.0%,15899.0,4.17,4
2026-07-13,006400,삼성SDI,rsi2,SELL,440000.0,1,440000.0,937.0,2차 익절 +15.0%,25004.0,6.04,3
2026-07-13,006400,삼성SDI,rsi2,SELL,440000.0,3,1320000.0,2812.0,"트레일링 (고점 481,500 대비 -4.5%)",75013.0,6.04,3
2026-07-14,000660,SK하이닉스,rsi2,BUY,1825000.0,1,1825000.0,256.0,진입 (점수 78),0.0,0.0,0
2026-07-14,005930,삼성전자,rsi2,BUY,255000.0,4,1020000.0,143.0,진입 (점수 66),0.0,0.0,0
2026-07-14,105560,KB금융,sepa,SELL,180000.0,11,1980000.0,4218.0,"트레일링 (고점 194,500 대비 -4.5%)",37309.0,1.92,5
2026-07-14,000660,SK하이닉스,rsi2,SELL,1679000.0,1,1679000.0,3577.0,손절 -8.0%,-149834.0,-8.21,1
2026-07-14,005930,삼성전자,rsi2,SELL,263000.0,1,263000.0,560.0,1차 익절 +5.0%,7404.0,2.9,1
2026-07-16,105560,KB금융,sepa,BUY,183700.0,13,2388100.0,336.0,진입 (점수 60),0.0,0.0,0
2026-07-16,005930,삼성전자,rsi2,SELL,255000.0,3,765000.0,1630.0,"트레일링 (고점 284,500 대비 -4.5%)",-1737.0,-0.23,3
2026-07-20,086790,하나금융지주,sepa,SELL,133400.0,16,2134400.0,4547.0,"트레일링 (고점 142,500 대비 -4.5%)",97567.0,4.8,8
2026-07-20,055550,신한지주,sepa,SELL,101936.0,23,2344528.0,4995.0,손절 -8.0%,-209225.0,-8.21,5
2026-07-20,105560,KB금융,sepa,SELL,169004.0,13,2197052.0,4681.0,손절 -8.0%,-196064.0,-8.21,2
2026-07-27,086790,하나금융지주,sepa,BUY,132500.0,18,2385000.0,335.0,진입 (점수 60),0.0,0.0,0
2026-07-28,086790,하나금융지주,sepa,SELL,121900.0,18,2194200.0,4675.0,손절 -8.0%,-195810.0,-8.21,2
2026-07-30,034730,SK,rsi2,BUY,482500.0,4,1930000.0,271.0,진입 (점수 88),0.0,0.0,0
2026-07-30,032830,삼성생명,rsi2,BUY,264000.0,8,2112000.0,297.0,진입 (점수 76),0.0,0.0,0
2026-07-30,000660,SK하이닉스,rsi2,BUY,1361000.0,1,1361000.0,191.0,진입 (점수 74),0.0,0.0,0
2026-07-30,005935,삼성전자우,rsi2,BUY,153900.0,15,2308500.0,324.0,진입 (점수 70),0.0,0.0,0
2026-07-30,034730,SK,rsi2,SELL,468500.0,1,468500.0,998.0,1차 익절 +5.0%,-15066.0,-3.12,1
2026-07-30,034730,SK,rsi2,SELL,468500.0,3,1405500.0,2994.0,"트레일링 (고점 508,000 대비 -4.5%)",-45198.0,-3.12,1
2026-07-30,032830,삼성생명,rsi2,SELL,264000.0,1,264000.0,562.0,1차 익절 +5.0%,-600.0,-0.23,1
2026-07-30,032830,삼성생명,rsi2,SELL,264000.0,7,1848000.0,3937.0,"트레일링 (고점 280,000 대비 -4.5%)",-4197.0,-0.23,1
2026-07-30,000660,SK하이닉스,rsi2,SELL,1322000.0,1,1322000.0,2817.0,1차 익절 +5.0%,-42008.0,-3.09,1
2026-07-30,005935,삼성전자우,rsi2,SELL,151000.0,3,453000.0,965.0,1차 익절 +5.0%,-9730.0,-2.11,1
2026-07-30,005935,삼성전자우,rsi2,SELL,151000.0,12,1812000.0,3861.0,"트레일링 (고점 165,400 대비 -4.5%)",-38920.0,-2.11,1
